q,schedule,passenger_entered,passenger_exited,trams_too_late_cs,trams_too_late_pr, %trams_late_PR>1,%trams_lateCS>1,trams_too_early_cs,trams_too_early_pr,AVG_passenger_waiting_time,peak_tram_freq,offpeak_tram_freq,average_tramqueue_time_P+R De Uithof,average_tramqueue_time_WKZ,average_tramqueue_time_UMC,average_tramqueue_time_Heidelberglaan,average_tramqueue_time_Padualaan,average_tramqueue_time_Kromme Rijn,average_tramqueue_time_Galgenwaard,average_tramqueue_time_Vaartsche Rijn,average_tramqueue_time_Centraal Station,average_tramqueue_time_Vaartsche Rijn 2,average_tramqueue_time_Galgenwaard 2,average_tramqueue_time_Kromme Rijn 2,average_tramqueue_time_Padualaan 2,average_tramqueue_time_Heidelberglaan 2,average_tramqueue_time_UMC 2,average_tramqueue_time_WKZ 2,max_tramqueue_time_P+R De Uithof,max_tramqueue_time_WKZ,max_tramqueue_time_UMC,max_tramqueue_time_Heidelberglaan,max_tramqueue_time_Padualaan,max_tramqueue_time_Kromme Rijn,max_tramqueue_time_Galgenwaard,max_tramqueue_time_Vaartsche Rijn,max_tramqueue_time_Centraal Station,max_tramqueue_time_Vaartsche Rijn 2,max_tramqueue_time_Galgenwaard 2,max_tramqueue_time_Kromme Rijn 2,max_tramqueue_time_Padualaan 2,max_tramqueue_time_Heidelberglaan 2,max_tramqueue_time_UMC 2,max_tramqueue_time_WKZ 2
180,1,54064,54064,307,292,94.48051948051948,98.05194805194806,0,0,94.81785098943713,60,720,53,18,15,19,20,17,18,47,1427,18,61,11,14,14,13,12,892,51,47,58,71,65,45,143,5226,72,236,35,35,40,33,35
180,1,46725,46725,374,359,94.13333333333334,98.13333333333333,0,0,64.19585092605573,60,720,62,19,14,13,10,13,11,49,979,27,37,15,16,12,15,12,910,57,48,37,26,59,56,173,4167,71,126,53,43,33,79,34
180,1,46473,46473,369,354,93.78378378378378,98.1081081081081,0,0,64.08559609143401,60,720,255,20,17,21,10,17,15,41,802,20,39,12,14,14,12,11,1459,45,45,97,33,64,44,152,4384,46,125,51,70,90,58,35
180,1,50835,50835,348,335,94.26934097421203,97.99426934097421,0,0,71.9582511430842,60,720,64,15,20,18,16,14,13,48,1125,19,33,13,13,11,14,16,1390,48,68,80,51,58,43,164,5402,93,115,51,49,35,38,42
180,1,48551,48551,368,352,94.03794037940379,98.1029810298103,0,0,63.78810912190772,60,720,102,16,13,16,16,17,13,45,969,14,40,12,18,14,13,11,807,43,32,72,74,60,48,141,4913,39,145,38,46,73,40,47
180,1,44272,38780,196,228,93.3609958506224,78.83817427385893,0,0,83.83282850534272,60,720,65,16,17,14,16,21,12,47,1451,15,53,11,16,12,10,25,1113,53,44,55,78,68,53,140,5299,40,181,21,52,28,38,42
180,1,39620,34581,172,204,92.16589861751152,76.49769585253456,0,0,77.24015913441531,60,720,56,17,15,21,11,13,13,49,1491,25,40,14,13,14,9,12,701,39,38,60,35,39,37,125,5485,53,132,41,57,50,21,32
180,1,53263,53263,305,290,93.79084967320262,97.7124183006536,0,0,93.55085476648763,60,720,57,13,16,23,17,14,11,48,1443,17,35,14,14,11,12,10,1030,59,43,141,62,49,32,183,5385,72,144,46,47,46,25,33
180,1,47448,47448,373,358,94.38502673796792,98.1283422459893,0,0,78.60267072449956,60,720,55,20,16,19,12,19,14,38,995,22,36,10,15,12,11,10,610,52,41,64,33,58,49,122,4595,71,117,43,57,41,40,31
180,1,47025,47025,374,360,95.46666666666667,98.13333333333333,0,0,93.3115549646989,60,720,64,21,13,22,19,15,16,38,973,14,33,14,18,13,9,11,950,64,43,118,56,44,70,114,4258,23,118,53,70,84,32,34
180,1,53907,53907,307,293,93.20388349514563,97.73462783171522,0,0,85.43034370038151,60,720,51,12,16,24,11,18,14,38,1424,20,44,12,15,9,13,15,939,60,68,121,71,41,31,126,5185,60,170,44,48,66,40,46
180,1,46327,46327,377,363,94.17989417989418,98.14814814814815,0,0,63.98020335269984,60,720,91,13,11,19,15,17,11,44,933,14,36,14,20,11,11,14,693,39,37,71,75,53,39,119,3920,81,134,51,63,42,30,63
180,1,46103,46103,369,355,94.60916442048517,98.11320754716981,0,0,89.37518843727682,60,720,71,16,13,12,11,19,11,46,990,21,37,9,15,11,11,11,745,55,37,62,37,65,51,197,4586,34,143,27,73,33,27,33
180,1,47824,47824,364,348,93.97260273972603,98.08219178082192,0,0,66.47786456393446,60,720,201,17,13,18,13,11,9,39,893,14,34,12,16,11,11,10,1440,44,38,64,61,42,27,157,4771,50,99,48,93,60,49,33
180,1,35302,30988,238,267,93.99293286219081,81.97879858657244,0,0,56.849428442122466,60,720,131,16,22,11,15,17,13,51,942,27,35,14,14,12,9,10,940,83,61,29,41,49,56,141,4236,47,177,65,43,43,46,23
180,1,47870,47870,364,351,95.61643835616438,98.08219178082192,0,0,64.0437035783599,60,720,49,17,16,14,18,20,13,41,1048,15,30,14,15,13,12,11,1178,47,51,38,75,74,54,184,5196,35,81,45,43,55,30,50
180,1,52351,49688,256,285,93.68770764119601,83.05647840531562,0,0,76.07815176253541,60,720,60,15,16,15,14,20,18,52,1456,18,39,18,14,11,13,11,848,50,53,57,72,48,73,187,5176,61,283,65,49,32,38,38
180,1,47095,47095,362,347,94.76584022038568,98.07162534435263,0,0,81.79212023804085,60,720,290,15,11,16,17,14,11,39,812,19,38,12,15,13,13,10,1820,53,32,77,84,40,57,137,4355,46,132,45,46,46,42,28
180,1,31376,27999,126,155,88.30409356725146,70.17543859649122,0,0,74.79156229871295,60,720,68,16,11,17,18,15,11,50,1378,20,51,8,17,11,13,14,1000,48,39,75,61,48,36,159,5133,67,166,21,34,48,31,31
180,1,46182,41284,245,275,92.06896551724138,82.41379310344827,0,0,63.1157105538005,60,720,99,16,13,14,10,16,14,40,1175,14,46,12,16,12,12,12,730,44,35,66,35,56,57,156,5283,52,141,46,54,54,56,30
180,1,41303,35874,193,222,92.85714285714286,78.57142857142857,0,0,76.81665831358899,60,720,63,16,14,17,12,14,15,48,1429,16,47,10,21,11,14,8,927,47,69,109,79,43,63,153,5426,56,219,27,129,43,44,21
180,1,33129,29727,163,193,91.34615384615384,75.48076923076923,0,0,71.08419078678513,60,720,72,15,15,16,12,13,11,42,1232,24,36,11,12,12,14,9,792,45,39,104,42,56,33,132,5212,52,107,24,45,27,65,30
180,1,45441,45441,367,355,95.65217391304348,98.09782608695652,0,0,81.89968949920623,60,720,84,18,14,21,15,13,12,40,984,18,35,13,18,12,16,13,622,59,42,59,91,33,46,126,4715,39,123,37,48,55,57,33
180,1,54225,54225,310,296,92.28295819935691,98.07073954983923,0,0,86.45487488404689,60,720,52,14,15,18,12,18,14,49,1406,26,43,12,20,12,12,9,1247,53,64,82,47,52,55,165,5163,77,148,42,43,46,32,34
180,1,45761,45761,375,360,94.14893617021278,98.13829787234043,0,0,58.89878660748579,60,720,63,18,13,15,13,16,10,55,969,21,31,9,16,12,16,10,1180,34,38,61,47,55,33,203,4048,51,101,32,58,34,80,29
180,1,52452,52452,322,306,94.42724458204334,97.8328173374613,0,0,84.16555732160975,60,720,454,16,16,26,14,16,9,44,964,17,35,12,19,15,10,12,2692,49,98,115,73,66,31,136,5193,63,121,45,92,67,38,37
180,1,54521,54521,309,294,93.54838709677419,97.74193548387096,0,0,91.49698640520178,60,720,64,17,24,16,17,20,12,44,1421,18,42,14,14,10,11,10,1271,52,74,63,72,61,39,139,5270,64,163,37,38,34,51,25
180,1,46924,46924,366,350,94.55040871934605,98.09264305177112,0,0,71.75474782663575,60,720,188,22,16,16,11,17,11,45,893,18,31,14,15,11,11,10,1300,69,65,68,44,46,41,160,4228,40,141,51,56,36,30,27
180,1,46572,46572,361,345,94.7513812154696,98.06629834254143,0,0,86.98114156568147,60,720,268,15,16,19,14,18,11,51,829,17,33,10,14,11,12,11,1783,75,49,58,44,51,35,257,4208,52,149,37,60,46,43,44
180,1,45982,45982,371,356,95.16129032258065,98.11827956989248,0,0,62.37250733146365,60,720,162,22,18,19,16,14,18,41,888,10,35,14,18,14,10,12,994,68,61,54,50,47,79,136,3980,19,123,57,82,47,30,29
180,1,50486,50486,339,325,93.52941176470588,97.94117647058823,0,0,80.65830216963889,60,720,314,21,15,19,15,17,10,45,940,20,35,12,14,14,10,12,1555,77,44,78,54,59,45,147,5512,65,108,36,50,43,49,39
180,1,43958,40040,292,320,93.76854599406528,84.86646884272997,0,0,67.09077919351412,60,720,116,12,18,19,11,19,19,43,958,10,31,12,9,12,11,13,799,49,52,63,46,67,78,207,4521,29,93,61,45,37,40,36
180,1,53547,53547,308,294,93.52750809061489,97.73462783171522,0,0,83.97766220998611,60,720,53,24,19,18,18,15,13,42,1430,16,45,16,19,11,13,12,655,97,55,103,73,47,34,163,5271,52,139,58,77,36,54,34
180,1,43119,37985,187,217,90.08620689655173,78.01724137931035,0,0,77.10752160203539,60,720,68,13,13,21,16,18,9,43,1440,16,51,13,14,13,12,8,1030,43,41,143,107,53,33,154,5215,51,142,37,39,42,23,23
180,1,48525,44275,261,294,95.11400651465797,90.14084507042254,0,0,64.57687904171125,60,720,59,13,12,18,13,16,12,40,1227,24,43,12,16,13,13,16,1525,36,29,46,48,61,45,146,5298,49,176,45,63,35,33,29
180,1,35664,31343,229,257,92.33576642335767,81.38686131386861,0,0,67.90837326645213,60,720,92,13,13,22,12,15,15,40,1005,21,35,14,14,9,10,12,936,36,37,65,47,54,42,147,4224,37,82,42,38,43,24,54
180,1,46074,46074,350,335,94.30199430199431,98.00569800569801,0,0,94.31417824693281,60,720,536,20,16,18,10,21,13,52,620,15,33,14,14,13,11,11,3536,81,46,67,66,53,47,139,4108,72,129,57,44,50,47,40
180,1,53412,53412,311,296,94.55128205128204,97.75641025641025,0,0,88.32263828735312,60,720,64,18,20,19,16,18,12,38,1370,22,38,12,11,14,13,9,1185,52,81,62,65,73,55,133,5408,81,141,46,30,63,50,39
180,1,45615,45615,376,362,93.89920424403184,98.14323607427056,0,0,62.39102894205434,60,720,85,18,17,26,11,12,11,44,943,8,30,11,15,10,14,17,577,49,50,95,72,45,33,161,4090,12,131,40,53,42,68,74
180,1,53816,53816,309,293,93.87096774193549,97.74193548387096,0,0,84.80129661528528,60,720,50,19,14,20,14,15,13,56,1420,18,44,10,16,15,16,9,755,53,50,50,44,34,54,164,5205,64,166,38,55,59,36,24
180,1,46122,46122,370,358,95.4177897574124,98.11320754716981,0,0,72.41379167426435,60,720,137,16,13,12,13,16,13,46,914,10,35,12,18,12,12,13,1171,37,37,45,41,43,40,210,4383,19,182,47,86,41,33,38
180,1,46103,46103,372,355,95.17426273458445,98.12332439678283,0,0,92.04645902455695,60,720,121,13,9,14,11,16,12,43,922,14,38,16,16,13,9,10,798,37,30,42,58,52,48,165,4205,38,161,47,46,50,24,23
180,1,48629,48629,362,347,93.93939393939394,98.07162534435263,0,0,68.44840441716025,60,720,87,13,17,16,14,15,15,43,1023,15,39,9,13,13,11,13,1040,48,45,66,37,43,81,175,5392,28,121,52,71,30,35,49
180,1,45164,45164,378,363,94.45910290237467,98.15303430079155,0,0,62.42403873099122,60,720,87,17,11,21,12,19,14,45,933,12,31,14,18,12,11,14,700,51,41,68,56,74,63,145,3746,31,109,59,63,39,43,46
180,1,50370,45389,234,266,94.98207885304659,97.02127659574468,0,0,80.24354893511106,60,720,56,21,14,19,11,17,10,38,1461,19,36,12,14,15,11,11,1178,68,52,82,55,75,29,131,5533,61,98,50,49,43,24,23
180,1,54316,54316,308,295,93.85113268608414,97.73462783171522,0,0,91.09991045540934,60,720,52,17,12,19,12,17,13,52,1419,16,55,15,14,15,12,10,570,51,38,138,67,58,61,243,5143,38,179,51,55,57,47,30
180,1,45649,45649,377,366,95.76719576719577,98.14814814814815,0,0,63.22549933306815,60,720,57,21,15,14,14,22,13,40,971,26,33,15,15,13,13,15,1116,70,39,46,58,71,45,151,4041,58,144,58,61,53,50,45
180,1,45317,45317,374,359,94.39999999999999,98.13333333333333,0,0,63.57434804169458,60,720,87,14,11,18,8,15,13,44,954,15,32,14,15,12,13,11,1030,40,23,54,53,50,94,145,4109,30,124,64,58,32,56,45
180,1,51789,51789,309,295,93.2258064516129,97.74193548387096,0,0,85.6930618547503,60,720,49,15,19,21,19,17,13,45,1409,19,41,12,14,11,12,14,870,62,65,113,57,57,46,181,5248,63,131,38,50,59,32,38
180,1,52303,52303,307,292,92.85714285714286,97.72727272727273,0,0,83.69755347757494,60,720,48,16,16,15,14,21,12,38,1440,17,47,14,16,15,10,12,610,57,44,50,51,79,52,99,5363,57,170,34,56,44,28,28
180,1,47131,47131,373,357,94.38502673796792,98.1283422459893,0,0,92.24548814968232,60,720,107,10,9,15,12,16,12,45,943,40,30,9,16,10,15,11,1357,50,32,54,37,52,38,137,4303,78,146,30,67,39,54,28
180,1,50385,50207,327,319,93.43283582089552,95.82089552238806,0,0,63.76361765609209,60,720,121,16,15,18,14,16,9,44,1121,20,36,11,16,13,13,14,1360,52,50,66,68,47,33,148,5294,50,111,30,53,48,37,40
180,1,51156,51156,346,330,93.65994236311239,97.98270893371757,0,0,68.31905553987818,60,720,69,19,16,15,16,14,13,43,1126,19,43,16,14,12,13,15,730,61,47,68,61,39,32,137,5218,41,184,58,50,50,50,47
180,1,33171,29491,207,240,93.25396825396825,79.76190476190477,0,0,66.86311888614718,60,720,85,15,13,17,8,15,11,61,994,24,33,13,15,20,13,13,1218,44,36,61,30,52,45,244,4066,44,92,39,50,49,33,28
180,1,50978,50978,345,331,93.35260115606935,97.97687861271676,0,0,83.89448786945424,60,720,64,12,13,20,11,15,11,43,1136,21,32,16,17,11,12,13,731,35,38,78,33,49,39,158,5288,80,157,55,73,29,35,34
180,1,42964,42964,383,368,93.48958333333334,98.4375,0,0,78.1326444209126,60,720,177,15,14,15,13,12,15,44,815,6,31,16,18,11,11,12,1401,45,58,57,70,37,92,149,2952,9,128,62,60,44,55,46
180,1,50957,45948,235,264,91.42857142857143,81.78571428571428,0,0,83.68162983571092,60,720,48,16,15,20,13,18,11,43,1475,21,46,8,14,11,10,7,690,44,86,116,56,57,31,128,5231,51,141,28,48,38,27,23
180,1,46434,46434,370,358,95.68733153638814,98.11320754716981,0,0,94.11379581783119,60,720,187,19,13,18,13,18,10,41,871,34,39,13,15,12,12,11,1098,74,35,48,47,57,25,140,4447,78,136,43,53,50,33,43
180,1,53897,53897,309,297,94.83870967741936,97.74193548387096,0,0,86.76971092403915,60,720,57,15,14,17,13,21,17,47,1409,20,39,13,16,9,9,10,913,59,52,49,51,69,60,156,5219,81,174,42,84,31,30,29
180,1,46986,46986,375,359,94.14893617021278,98.13829787234043,0,0,101.62101456354607,60,720,64,22,17,12,11,18,13,49,973,25,37,12,14,11,13,11,730,65,56,37,36,52,52,148,3981,53,123,33,56,32,51,25
180,1,47381,47381,366,352,95.36784741144415,98.09264305177112,0,0,75.37474412519254,60,720,394,14,13,20,12,15,13,41,682,28,39,13,10,10,12,10,1905,40,43,130,38,47,51,110,4189,78,146,42,36,37,57,37
180,1,47167,47167,373,358,93.85026737967914,98.1283422459893,0,0,71.77677497952521,60,720,85,22,16,20,8,19,14,45,962,21,34,12,16,14,9,12,1300,58,60,137,32,65,50,131,4103,55,96,40,59,62,44,27
180,1,52201,52201,344,329,93.91304347826087,98.26086956521739,0,0,98.4406751276775,60,720,53,15,12,21,16,18,20,52,1156,20,34,14,16,10,13,11,630,45,42,71,49,47,93,230,5243,46,126,48,63,31,40,43
180,1,54023,54023,308,293,92.88025889967638,97.73462783171522,0,0,100.05179011388044,60,720,49,19,13,20,17,21,15,39,1422,18,47,11,18,14,9,13,610,48,32,106,47,82,46,123,5272,73,180,44,63,59,22,38
180,1,46382,46382,374,360,95.19999999999999,98.13333333333333,0,0,91.91476257142692,60,720,96,14,12,14,14,13,10,40,949,28,32,10,15,17,11,12,691,53,33,54,42,48,45,124,4214,67,128,25,39,75,44,57
180,1,53883,53883,307,295,95.12987012987013,98.05194805194806,0,0,86.00083226525909,60,720,46,13,14,22,14,19,16,45,1438,18,42,12,15,13,8,12,976,35,42,73,77,46,43,145,5259,78,125,37,53,47,26,42
180,1,43222,40540,298,325,94.16909620991254,85.13119533527697,0,0,57.0419259876075,60,720,173,14,12,18,10,14,13,42,927,11,37,11,12,13,15,8,1118,39,41,76,51,45,40,139,4182,33,171,47,38,42,38,27
180,1,47745,47745,370,355,94.07008086253369,98.38274932614556,0,0,62.05497072544936,60,720,58,15,16,17,12,18,14,37,1003,26,32,13,22,10,12,11,850,76,49,53,65,41,67,116,4708,89,87,60,83,59,49,38
180,1,47148,43763,286,313,93.35347432024169,84.59214501510573,0,0,59.15715933148637,60,720,73,12,14,13,13,18,12,42,1101,10,44,13,15,12,14,9,970,33,47,69,41,54,36,122,5065,32,151,40,71,47,39,33
180,1,49194,46201,270,298,93.33333333333333,83.80952380952381,0,0,67.24412536371125,60,720,122,19,14,14,14,13,15,46,1181,15,42,16,17,17,17,9,797,61,59,52,65,41,57,159,5434,40,187,57,43,66,52,37
180,1,50621,50621,342,327,93.58600583090379,97.95918367346938,0,0,70.48669392140006,60,720,99,12,19,14,14,14,12,45,1125,13,41,16,13,13,11,8,730,43,54,53,50,42,61,147,5447,47,117,60,54,44,42,26
180,1,50589,50589,346,330,93.65994236311239,97.98270893371757,0,0,97.33138151254497,60,720,155,17,21,19,14,14,12,38,1055,23,45,12,16,11,14,11,921,56,72,127,53,37,47,146,5293,88,145,29,56,55,50,42
180,1,45543,45543,373,358,94.6524064171123,98.1283422459893,0,0,58.11335318876107,60,720,107,17,12,16,15,15,11,38,933,17,36,14,14,11,9,11,818,53,31,73,49,60,39,117,4193,35,95,49,48,36,35,40
180,1,46455,46455,368,356,95.9349593495935,98.1029810298103,0,0,68.29477518975204,60,720,258,20,13,14,17,17,12,41,804,27,31,9,17,15,10,9,1439,48,44,85,56,60,35,127,4275,65,116,36,90,54,29,27
180,1,45540,45540,365,350,94.26229508196722,98.08743169398907,0,0,67.21536328494324,60,720,233,18,11,20,18,14,11,39,849,30,33,11,14,14,14,11,1481,47,58,135,78,48,30,128,4242,74,115,31,44,70,49,29
180,1,44380,44380,379,365,94.21052631578948,98.15789473684211,0,0,89.22398313909049,60,720,82,13,12,14,15,16,14,42,930,14,32,11,12,13,9,12,750,66,44,34,60,45,44,148,3749,26,145,39,47,49,32,49
180,1,45649,45649,374,359,93.60000000000001,98.13333333333333,0,0,62.212207165956045,60,720,89,14,15,22,15,17,9,41,951,19,25,11,15,10,9,15,730,41,48,82,62,53,45,173,4084,33,105,48,83,37,32,49
180,1,46332,46332,374,358,93.86666666666666,98.13333333333333,0,0,61.117226816328156,60,720,73,16,14,19,17,19,11,48,967,16,31,12,13,12,12,13,670,43,49,147,115,63,35,220,4251,49,121,53,39,40,42,54
180,1,46002,46002,373,361,95.98930481283422,98.3957219251337,0,0,77.1565446717736,60,720,65,20,10,17,15,18,9,54,982,7,32,13,15,15,12,13,1228,51,32,43,88,53,35,169,4253,18,148,51,41,39,41,33
180,1,34361,30329,218,247,92.01520912547528,80.6083650190114,0,0,59.263915607694,60,720,70,17,14,14,12,17,11,46,1016,16,39,16,17,13,14,15,942,60,47,43,32,56,52,157,4184,39,97,38,55,49,59,52
180,1,53702,53702,307,292,93.18181818181817,97.72727272727273,0,0,83.7856965490975,60,720,48,16,16,19,12,17,15,42,1439,20,43,11,15,13,15,12,750,50,65,56,42,49,71,175,5256,68,130,31,55,66,57,36
180,1,45740,45740,374,360,94.93333333333334,98.13333333333333,0,0,82.69255059769196,60,720,97,17,15,14,14,15,11,46,940,15,36,16,12,9,12,12,1199,54,54,43,77,82,35,181,4198,33,117,54,55,40,48,47
180,1,30330,30329,200,186,89.05472636815921,96.51741293532339,0,0,65.18698055625957,60,720,81,20,17,15,7,13,10,46,1039,27,41,14,15,14,11,10,1090,40,50,36,27,45,29,146,4333,97,107,50,42,41,50,30
180,1,46521,46521,373,361,95.72192513368985,98.1283422459893,0,0,62.838028301120495,60,720,79,19,13,21,15,16,12,49,964,14,38,11,16,14,12,11,1008,68,28,81,61,56,47,176,4317,52,135,39,63,43,35,45
180,1,49404,49404,358,344,93.87186629526462,98.05013927576601,0,0,65.86016571966779,60,720,170,14,16,19,17,21,11,44,962,38,34,13,17,12,12,8,966,65,65,119,86,59,30,163,5181,115,102,69,50,40,38,38
180,1,47292,47292,373,358,93.85026737967914,98.1283422459893,0,0,64.71702401067301,60,720,57,11,13,23,20,13,12,38,989,26,27,9,16,12,12,13,670,32,54,79,71,44,54,149,4364,62,121,37,56,71,63,45
180,1,49426,49426,340,328,93.841642228739,97.94721407624634,0,0,69.35519328756739,60,720,59,15,15,18,17,13,12,45,1174,20,34,11,15,11,11,10,850,74,40,92,80,43,30,142,5254,47,110,43,49,33,54,33
180,1,52310,52310,336,322,94.95548961424333,97.92284866468842,0,0,73.08514479062694,60,720,64,16,15,17,16,15,12,50,1185,26,45,12,16,11,19,10,1648,42,57,61,104,45,55,151,5298,104,159,33,71,44,58,39
180,1,47073,47073,372,356,94.10187667560321,98.12332439678283,0,0,62.19224246606473,60,720,182,14,9,14,15,16,12,50,864,14,35,12,16,11,8,11,1115,50,35,68,80,70,68,182,4185,46,155,44,61,35,38,37
180,1,43386,39294,216,247,91.57088122605363,80.45977011494253,0,0,67.52157073033091,60,720,198,19,11,21,15,24,13,46,1186,20,40,9,16,18,9,14,1318,58,40,96,55,79,39,145,5183,80,131,37,72,50,28,47
180,1,53928,53928,306,291,93.15960912052117,97.71986970684038,0,0,86.15795620363987,60,720,53,21,16,20,16,16,12,54,1445,25,42,9,18,10,13,10,870,55,45,59,75,56,55,143,5473,61,130,45,45,29,50,24
180,1,46779,46779,371,355,94.35483870967742,98.11827956989248,0,0,90.32817579412274,60,720,130,18,14,13,12,20,11,41,922,13,31,15,17,11,12,11,880,49,36,40,52,54,44,179,4563,50,100,41,65,38,48,44
180,1,53509,53509,307,292,92.85714285714286,97.72727272727273,0,0,86.73998555518057,60,720,47,15,18,19,15,17,16,47,1438,18,41,11,18,12,11,17,610,49,59,67,48,52,109,149,5282,65,196,54,73,52,51,60
180,1,45000,45000,373,357,94.38502673796792,98.1283422459893,0,0,60.05949614501284,60,720,76,14,18,13,12,16,13,39,969,14,37,13,12,12,10,13,850,40,45,41,32,64,53,165,4204,30,131,45,43,50,35,32
180,1,44972,44972,375,361,96.01063829787235,98.13829787234043,0,0,66.06671567722937,60,720,84,13,14,12,11,16,16,46,954,10,31,14,17,10,13,11,971,58,44,56,43,50,48,180,4141,11,161,48,48,36,43,62
180,1,45362,45362,373,361,95.18716577540107,98.1283422459893,0,0,60.88087255999967,60,720,82,16,14,17,16,15,12,41,958,16,38,14,14,10,14,12,875,37,45,54,68,63,45,173,4211,42,158,49,81,35,61,48
180,1,46803,46803,369,355,94.05405405405406,98.1081081081081,0,0,64.75027964083071,60,720,207,18,16,16,12,12,13,48,844,14,34,12,14,16,12,12,1076,73,47,49,58,41,54,152,4208,35,186,44,45,53,44,33
180,1,53057,53057,305,290,93.13725490196079,97.7124183006536,0,0,108.63098677876606,60,720,49,19,13,20,14,16,14,52,1455,19,35,11,16,11,12,9,610,65,43,87,48,59,73,170,5521,53,114,57,45,36,30,32
180,1,45260,45260,375,357,94.13333333333334,98.13333333333333,0,0,62.221841419219864,60,720,68,12,10,11,11,19,10,42,975,12,37,14,18,12,13,10,1159,43,35,43,46,56,36,207,3966,41,144,37,93,44,39,27
180,1,53402,53402,305,290,93.4640522875817,97.7124183006536,0,0,98.60201171692577,60,720,50,16,16,19,14,17,12,43,1462,20,50,13,13,11,10,10,685,40,50,97,93,56,50,137,5563,66,206,46,45,40,37,25
180,1,41451,36722,262,294,93.15960912052117,83.38762214983714,0,0,66.91543706506502,60,720,61,18,13,19,12,13,10,50,1013,16,35,13,15,13,11,13,670,68,45,88,34,49,37,167,4148,49,140,43,57,34,29,39
180,1,53217,53217,307,293,93.18181818181817,97.72727272727273,0,0,85.07734572155381,60,720,55,14,11,22,14,22,13,57,1433,17,51,11,10,13,14,15,757,41,49,89,75,61,49,188,5352,45,173,39,34,41,41,59
180,1,43727,43727,376,361,94.42970822281167,98.14323607427056,0,0,82.40699205515014,60,720,140,10,14,16,11,16,9,41,885,7,33,11,11,9,14,10,918,35,39,60,49,55,25,125,3560,13,124,41,35,31,41,26
180,1,46989,46989,373,358,95.18716577540107,98.1283422459893,0,0,64.1897894447436,60,720,84,16,15,15,14,19,12,43,955,10,32,15,17,15,14,11,984,44,38,44,51,53,44,142,4291,21,118,50,102,70,52,39
180,1,53400,53400,306,294,94.46254071661238,97.71986970684038,0,0,98.32313293288672,60,720,53,17,15,20,14,15,12,48,1445,15,39,10,17,12,12,9,1116,53,54,126,52,50,48,115,5289,63,135,33,56,59,47,28
180,1,32188,28492,127,156,86.62790697674419,70.34883720930233,0,0,78.57423151593709,60,720,61,15,17,19,11,15,11,45,1421,22,36,13,14,9,7,14,690,47,64,53,39,57,39,122,5234,68,155,25,57,35,22,22
180,1,46009,46009,370,359,96.22641509433963,98.11320754716981,0,0,91.26123786839239,60,720,320,12,16,16,11,19,16,47,722,15,32,13,14,13,14,13,1608,34,47,50,44,58,63,153,3987,58,89,43,52,74,45,89
180,1,44042,40520,293,325,95.56213017751479,84.91124260355029,0,0,49.04781793068653,60,720,141,18,11,15,13,18,14,50,939,32,30,14,15,12,15,10,779,52,27,85,54,49,62,156,4171,72,104,49,52,40,49,42
180,1,48359,48359,354,339,94.36619718309859,98.02816901408451,0,0,67.26563751007266,60,720,505,20,10,18,16,14,12,36,648,27,47,12,17,10,12,10,2343,57,40,68,91,46,43,158,5075,99,148,39,65,29,43,37
180,1,53817,53817,309,294,92.90322580645162,97.74193548387096,0,0,87.8170665727189,60,720,53,17,18,22,16,13,12,45,1424,21,40,11,13,11,12,10,850,66,54,110,63,49,75,140,5264,82,140,52,61,32,40,39
180,1,53514,53514,306,293,93.15960912052117,97.71986970684038,0,0,87.20766929504363,60,720,46,21,16,19,16,16,13,48,1441,20,44,9,18,15,13,10,942,56,63,110,80,66,48,185,5418,65,122,39,78,76,40,35
180,1,50501,50501,349,335,93.71428571428572,98.0,0,0,70.37831834917453,60,720,55,17,16,16,19,12,13,43,1126,19,33,12,11,10,13,13,691,62,48,78,84,45,53,161,5219,70,95,76,46,42,77,51
180,1,32653,28956,203,231,91.53225806451613,79.43548387096774,0,0,62.057609946459344,60,720,192,13,12,18,17,16,14,39,931,12,27,14,18,8,14,12,1387,43,38,72,68,46,53,102,3842,50,102,42,63,28,37,46
180,1,49823,45573,253,281,93.28859060402685,82.88590604026845,0,0,70.1896524748349,60,720,60,14,13,19,15,16,12,44,1309,17,41,10,19,10,11,10,791,35,39,60,62,43,61,167,5266,44,145,32,60,34,33,40
180,1,44583,44583,376,360,94.6949602122016,98.14323607427056,0,0,67.22826385651956,60,720,59,26,13,19,13,15,11,41,975,24,33,13,16,9,12,11,730,83,43,56,42,33,36,144,4011,44,133,35,60,37,42,36
180,1,45641,45641,373,357,94.11764705882352,98.1283422459893,0,0,71.09329548731131,60,720,63,16,8,15,14,14,15,54,977,5,46,11,13,16,10,12,630,42,24,39,60,37,73,155,4260,12,156,31,46,68,34,45
180,1,46587,46587,373,358,93.58288770053476,98.1283422459893,0,0,63.92551976879277,60,720,70,19,12,17,14,11,12,38,975,19,26,13,15,10,8,11,1210,51,48,67,40,35,81,190,4087,50,94,40,51,31,28,37
180,1,51251,46525,239,271,94.36619718309859,82.04225352112677,0,0,78.91969815018601,60,720,50,16,15,15,17,16,12,48,1463,26,42,18,19,13,9,11,791,41,57,54,75,53,74,157,5549,87,176,49,71,53,27,30
180,1,44203,38537,194,222,91.63179916317992,78.66108786610879,0,0,81.79090747315782,60,720,56,17,15,18,12,16,15,47,1475,19,47,14,17,13,9,12,630,51,43,49,70,71,64,164,5443,83,155,58,41,49,42,24
180,1,34663,30217,240,269,92.98245614035088,97.0954356846473,0,0,49.48147988722234,60,720,99,23,17,20,10,16,12,45,944,3,41,10,17,17,11,15,790,75,48,87,41,63,43,140,4009,4,132,27,70,52,37,53
180,1,47026,47026,362,350,95.59228650137742,98.07162534435263,0,0,71.42191813510294,60,720,164,16,14,16,14,16,12,50,949,15,34,11,13,8,9,9,1755,69,74,57,53,44,32,204,4273,44,152,30,36,38,27,38
180,1,53924,53924,308,294,93.85113268608414,97.73462783171522,0,0,85.98431356854405,60,720,54,16,15,17,13,18,9,42,1433,19,45,15,14,14,11,13,790,59,60,69,62,56,49,146,5291,51,160,59,60,51,31,35
180,1,46358,46358,370,355,94.60916442048517,98.11320754716981,0,0,87.4994183818159,60,720,87,13,16,17,18,22,14,41,976,13,39,12,18,11,11,13,727,46,41,66,60,64,44,141,4304,30,117,44,75,32,44,45
180,1,31983,28010,205,235,92.0,79.60000000000001,0,0,52.253292741678855,60,720,98,17,15,21,10,18,10,46,1008,1,36,9,17,13,11,16,830,41,39,158,34,55,30,137,4422,1,169,36,56,58,33,34
180,1,53868,53868,307,292,94.48051948051948,97.72727272727273,0,0,110.35794586498953,60,720,49,18,16,23,13,16,12,43,1437,16,40,16,15,12,16,9,874,76,52,102,51,41,37,135,5365,49,109,45,54,39,43,27
180,1,47100,47100,370,355,93.80053908355795,98.38274932614556,0,0,66.64891595639548,60,720,66,17,12,24,12,17,16,44,994,14,37,11,11,9,9,12,694,60,40,95,65,49,64,152,4746,55,137,29,31,28,31,36
180,1,41800,36950,276,306,93.14641744548287,84.11214953271028,0,0,55.79645915656653,60,720,173,18,16,18,10,17,10,46,896,13,37,13,14,17,14,12,1085,46,48,59,35,48,36,242,4096,31,149,46,43,62,45,42
180,1,53651,53651,305,290,92.81045751633987,97.7124183006536,0,0,109.47598460867634,60,720,49,16,15,24,16,18,14,47,1444,24,40,10,15,10,11,12,730,77,62,115,93,54,47,237,5435,84,167,32,47,35,32,42
180,1,49573,47151,276,306,94.39252336448598,84.42367601246106,0,0,65.34494313600713,60,720,117,15,18,15,14,16,10,51,1168,24,42,10,17,12,9,8,1573,38,40,59,63,54,32,178,5339,69,151,31,91,49,36,31
180,1,46206,46206,369,354,94.5945945945946,98.1081081081081,0,0,68.59619495443663,60,720,167,16,16,22,14,14,15,45,908,27,36,11,16,14,10,14,1211,46,50,70,45,50,44,204,4199,36,129,40,60,90,39,39
180,1,46740,46740,375,361,95.47872340425532,98.13829787234043,0,0,61.742786489016865,60,720,73,19,15,17,14,23,20,46,965,19,28,11,14,13,12,13,1061,67,44,65,35,94,88,149,3899,51,105,33,48,36,43,42
180,1,53650,53650,307,295,95.45454545454545,97.72727272727273,0,0,84.10100568205256,60,720,52,18,11,22,14,15,14,51,1432,20,43,13,16,12,12,12,937,57,57,137,45,47,42,139,5408,61,124,39,44,54,43,25
180,1,49184,49184,353,337,94.0677966101695,98.0225988700565,0,0,64.1909799130216,60,720,59,21,18,14,15,13,9,43,1096,21,36,12,16,10,11,13,1090,68,53,41,43,52,36,170,5537,62,143,61,42,39,33,37
180,1,48721,48721,334,318,93.43283582089552,97.91044776119404,0,0,92.50354871385531,60,720,231,15,16,18,17,16,14,42,1077,19,39,13,17,14,13,9,1880,43,68,73,92,53,90,130,4444,53,124,40,70,60,40,33
180,1,49245,49245,363,346,94.23076923076923,98.07692307692307,0,0,67.65227764189342,60,720,83,26,11,12,8,17,12,36,1020,17,40,14,16,13,13,13,1333,80,47,44,25,63,42,167,5202,61,215,47,68,42,65,48
180,1,53319,53319,305,294,94.77124183006535,97.7124183006536,0,0,88.18966339250562,60,720,55,12,13,18,13,14,12,38,1453,20,46,11,19,12,14,11,1288,44,38,102,76,53,39,113,5416,95,150,37,66,31,48,34
180,1,53580,53580,305,295,94.78827361563518,97.71986970684038,0,0,97.51031863995284,60,720,50,18,16,17,13,16,10,42,1433,19,48,13,12,9,8,12,731,53,62,98,48,47,36,144,5232,63,128,39,49,26,40,44
180,1,51198,51198,342,327,93.29446064139941,97.95918367346938,0,0,82.61229426888809,60,720,144,15,11,24,15,28,12,34,1072,20,38,12,15,11,7,13,1023,52,36,139,57,99,44,149,5469,98,121,44,81,40,34,58
180,1,36584,32384,226,255,93.72693726937268,81.18081180811808,0,0,59.89812240423662,60,720,95,17,19,12,10,15,11,40,1024,21,41,11,16,13,12,13,1076,78,68,38,40,58,39,200,4468,26,151,41,55,44,37,34
180,1,53550,53382,302,292,94.78827361563518,97.6897689768977,0,0,83.86231360974382,60,720,53,15,16,21,14,14,17,48,1433,17,38,15,20,12,12,11,1114,49,81,87,42,36,54,154,5310,85,169,65,50,41,31,31
180,1,46258,46258,373,362,96.2566844919786,98.1283422459893,0,0,82.42988175053912,60,720,128,13,13,19,13,17,10,40,919,13,39,12,16,10,13,12,1319,36,57,71,55,70,41,155,4136,43,248,43,63,42,48,46
180,1,52006,52006,334,319,94.6268656716418,97.91044776119404,0,0,95.4320072341122,60,720,228,15,14,16,12,19,13,52,1071,18,44,15,15,10,9,11,1184,45,49,49,61,48,36,167,5160,47,123,47,39,31,31,40
180,1,51011,51011,355,344,95.50561797752809,98.03370786516854,0,0,70.3803295168561,60,720,115,21,16,17,16,18,13,47,1030,20,39,12,16,12,11,11,1116,63,45,74,60,68,49,145,5078,54,119,55,52,28,52,37
180,1,50819,50819,326,313,93.57798165137615,97.85932721712538,0,0,101.5785106111181,60,720,416,18,17,20,17,23,11,41,956,21,32,12,14,10,12,13,2239,53,56,82,111,90,55,166,5291,91,145,49,40,35,31,39
180,1,45309,45309,368,354,94.03794037940379,98.1029810298103,0,0,91.32762554710919,60,720,206,16,14,17,14,20,13,41,861,5,29,14,15,10,11,10,1224,60,35,88,62,57,53,142,4089,7,103,38,48,29,37,28
180,1,49668,49668,361,346,93.37016574585635,98.06629834254143,0,0,65.88763668817619,60,720,63,19,9,16,17,20,9,45,1049,23,40,10,10,14,16,13,1124,52,29,76,53,61,35,222,5038,42,133,28,41,57,62,36
180,1,53225,53225,304,290,92.45901639344262,97.70491803278688,0,0,98.56763238335559,60,720,54,12,12,20,14,15,12,44,1452,22,37,13,14,13,19,13,970,42,48,101,137,47,44,132,5479,67,145,42,41,40,71,64
180,1,37883,33634,248,276,93.51535836177474,82.5938566552901,0,0,65.87470032039445,60,720,70,18,8,13,12,14,10,38,1013,26,44,12,14,13,14,13,1031,56,27,48,40,55,42,129,3899,64,194,59,57,60,80,37
180,1,46049,46049,372,358,94.36997319034852,98.12332439678283,0,0,62.42913126639192,60,720,184,14,12,14,11,15,10,43,858,14,40,14,14,10,14,12,1228,52,31,65,57,45,29,157,4075,35,184,39,58,44,49,38
180,1,53706,53706,305,289,94.44444444444444,97.7124183006536,0,0,86.74041587638615,60,720,53,15,13,24,15,16,13,51,1436,18,43,13,19,17,16,11,733,48,43,147,75,42,41,169,5557,71,153,54,50,54,63,23
180,1,54302,54302,309,297,94.83870967741936,97.74193548387096,0,0,86.53214499133072,60,720,50,17,14,21,15,19,15,43,1422,23,42,11,14,15,9,14,853,64,52,74,103,57,65,117,5284,102,145,36,45,50,37,36
180,1,37346,33161,230,258,93.0909090909091,81.45454545454545,0,0,58.456938380092645,60,720,58,14,23,20,9,11,11,51,1052,22,37,16,16,11,14,15,550,49,65,85,26,45,50,206,4818,40,130,38,40,31,53,39
180,1,53100,53100,326,310,94.18960244648318,97.85932721712538,0,0,95.6621285562552,60,720,67,19,16,20,11,24,11,45,1251,19,37,13,14,10,11,11,910,60,51,73,35,79,42,138,5127,63,108,43,51,73,44,28
180,1,46765,46765,374,358,94.13333333333334,98.13333333333333,0,0,83.0501186569897,60,720,90,19,14,16,12,15,17,42,951,15,37,12,16,10,13,14,900,42,37,152,60,50,52,165,4290,48,127,32,61,47,36,43
180,1,49946,49946,356,341,92.71708683473389,98.0392156862745,0,0,73.26188176832582,60,720,96,13,17,23,12,19,12,51,1055,18,39,14,11,10,9,11,601,63,59,99,64,87,39,210,5593,58,172,42,62,37,31,42
180,1,51448,51448,306,290,93.48534201954396,97.71986970684038,0,0,106.86476977668654,60,720,55,13,18,17,13,20,10,40,1446,20,47,11,15,12,11,8,730,36,80,54,75,65,66,161,5557,71,151,40,39,39,35,21
180,1,51846,51846,309,293,92.90322580645162,97.74193548387096,0,0,94.97234135867313,60,720,58,20,13,22,17,17,9,42,1418,20,40,13,14,12,7,9,990,65,47,61,75,54,32,122,5181,67,139,50,71,40,19,32
180,1,46982,46656,362,352,95.38043478260869,98.07692307692307,0,0,56.933185592434526,60,720,139,13,24,14,11,16,15,39,910,11,34,14,18,10,11,13,817,36,81,41,45,58,91,169,4114,47,155,39,86,26,46,33
180,1,46558,46558,375,360,94.41489361702128,98.13829787234043,0,0,72.74280776471394,60,720,60,19,18,12,17,17,13,43,981,20,38,16,16,14,13,15,970,43,55,39,68,73,53,155,4021,50,117,46,51,72,33,43
180,1,49598,49598,354,339,94.36619718309859,98.02816901408451,0,0,78.20646220187352,60,720,67,15,11,16,11,16,14,42,1085,17,37,11,13,12,10,14,734,57,33,82,53,62,74,129,5382,44,135,48,48,34,30,51
180,1,53890,53890,307,293,93.18181818181817,97.72727272727273,0,0,86.13180869887142,60,720,56,15,14,19,16,10,9,50,1440,18,42,12,13,11,9,10,870,53,47,106,51,34,34,145,5440,58,205,54,41,65,55,27
180,1,45499,45499,375,358,94.14893617021278,98.13829787234043,0,0,61.75312214463523,60,720,99,16,13,16,11,17,13,40,927,12,42,13,15,10,11,15,690,58,37,65,40,62,54,138,4087,28,121,45,51,28,40,50
180,1,45443,45443,375,360,95.47872340425532,98.13829787234043,0,0,61.63278117804897,60,720,60,13,12,16,12,19,14,57,970,18,44,16,16,12,11,11,1592,50,34,66,35,39,51,190,4199,46,182,44,41,48,29,36
180,1,46876,46876,374,362,95.73333333333333,98.13333333333333,0,0,92.71363902452407,60,720,133,23,16,15,14,17,13,45,907,27,39,10,16,13,11,9,1091,78,42,48,90,54,52,141,4299,101,116,30,46,36,30,31
180,1,45646,45646,375,363,96.01063829787235,98.13829787234043,0,0,72.29758384649821,60,720,134,18,10,18,14,15,13,40,906,15,36,16,16,12,11,12,1112,54,41,59,43,60,43,168,4188,36,122,61,75,35,32,37
180,1,48102,48102,364,349,93.69863013698631,98.08219178082192,0,0,87.10242738209921,60,720,221,16,15,17,13,11,12,41,872,15,34,11,13,12,12,10,1171,39,45,93,40,52,36,141,4986,54,127,44,50,59,39,29
180,1,45094,44651,346,351,96.14325068870524,93.66391184573003,0,0,66.03972600216774,60,720,136,17,13,21,15,15,14,51,930,16,34,13,16,14,12,10,837,73,37,76,66,71,47,152,4045,47,120,47,67,59,50,24
180,1,54018,54018,308,294,92.88025889967638,97.73462783171522,0,0,84.9770188571859,60,720,47,18,15,15,14,21,13,49,1434,21,45,11,15,13,12,12,670,51,40,69,61,65,44,193,5214,77,175,27,52,39,30,39
180,1,45269,40817,262,291,93.15960912052117,83.38762214983714,0,0,62.307498625518214,60,720,212,16,18,17,18,17,20,50,1019,17,43,12,10,10,14,14,1472,55,87,60,95,59,78,162,5293,27,137,46,57,35,58,34
180,1,47847,47847,365,350,93.98907103825137,98.08743169398907,0,0,93.22376957690908,60,720,67,20,10,15,18,15,12,36,1022,18,34,11,13,12,9,12,750,57,31,77,50,49,32,158,5224,38,159,42,52,42,25,29
180,1,42632,39108,294,324,95.28023598820059,84.95575221238938,0,0,56.805654170037464,60,720,172,17,17,17,11,16,13,53,902,6,36,9,14,13,11,13,1160,47,41,52,39,57,44,272,4242,11,95,29,35,53,40,56
180,1,46286,46286,375,363,96.27659574468085,98.13829787234043,0,0,69.80635620728322,60,720,96,13,12,15,13,20,15,41,942,12,32,15,16,8,12,11,875,31,34,46,54,62,47,131,4239,21,140,50,59,28,40,28
180,1,49283,49283,355,340,94.10112359550563,98.03370786516854,0,0,70.76711272085322,60,720,175,14,10,16,15,14,13,46,964,14,43,9,16,11,12,10,1350,36,33,83,76,60,41,162,5084,35,171,39,89,32,42,38
180,1,45618,39903,201,230,90.65040650406505,79.26829268292683,0,0,73.75368704894436,60,720,61,20,17,22,22,16,12,42,1455,26,33,8,13,13,14,11,810,56,45,64,69,76,36,136,5240,62,121,25,41,37,32,36
180,1,39105,34663,225,253,91.85185185185185,81.11111111111111,0,0,62.95961501188102,60,720,140,16,13,14,12,16,17,47,1075,24,35,11,17,14,12,12,970,56,31,44,42,48,41,156,4904,45,116,26,59,34,34,41
180,1,45150,45150,377,362,94.17989417989418,98.14814814814815,0,0,62.75928237994478,60,720,74,11,15,19,11,14,13,45,945,19,31,12,16,10,12,12,550,43,61,74,93,65,52,176,3938,33,112,40,55,47,44,58
180,1,45343,44515,337,349,95.06849315068493,90.68493150684932,0,0,56.472623848312864,60,720,56,18,10,12,14,13,14,51,1006,22,36,14,17,12,11,12,994,50,36,48,43,57,45,162,4326,49,127,46,41,33,34,35
180,1,44990,43311,316,349,95.56786703601108,85.87257617728532,0,0,56.739712748209136,60,720,181,17,14,21,15,17,11,40,884,23,37,12,13,14,10,13,1132,40,34,78,68,70,45,172,4054,59,122,33,43,50,41,33
180,1,51764,51764,333,317,94.01197604790418,97.90419161676647,0,0,101.99526923812559,60,720,156,15,17,18,11,18,13,41,1132,22,42,13,12,10,16,8,1477,52,62,65,44,56,54,171,5475,47,156,48,40,39,52,24
180,1,49570,43659,223,255,94.40298507462687,80.97014925373134,0,0,74.28668711606515,60,720,58,15,14,23,16,16,21,58,1465,20,39,13,18,15,12,11,1058,56,50,87,55,47,85,203,5136,107,122,43,66,38,49,25
180,1,53970,53970,308,296,95.46925566343042,97.73462783171522,0,0,84.62378075770592,60,720,54,16,14,23,26,21,15,48,1424,21,45,12,19,11,12,13,1130,70,48,88,174,63,62,181,5257,59,164,65,92,30,31,34
180,1,51830,47728,247,280,95.2054794520548,97.17741935483872,0,0,75.37843065904363,60,720,57,15,21,18,12,15,14,41,1426,17,41,13,17,11,10,13,1199,58,102,56,74,51,67,153,5194,76,136,60,45,44,33,28
180,1,34290,30438,140,168,88.64864864864866,72.43243243243244,0,0,80.45239917494229,60,720,62,18,15,14,11,10,11,48,1427,21,40,11,12,14,15,6,610,63,61,51,27,50,28,167,5333,63,146,42,40,41,31,18
180,1,53903,53903,307,295,95.12987012987013,97.72727272727273,0,0,94.23121181286194,60,720,53,16,19,32,12,22,17,48,1432,20,46,14,21,20,16,8,1119,59,80,143,59,77,53,168,5143,49,192,61,71,68,68,24
180,1,41766,41765,283,269,92.6056338028169,97.53521126760563,0,0,72.61020298478128,60,720,127,14,13,18,16,19,18,41,976,12,36,14,19,15,10,11,1589,47,44,63,63,65,88,143,4842,25,126,51,54,49,38,34
180,1,35758,31606,228,257,93.4065934065934,81.31868131868131,0,0,61.979906723104776,60,720,115,14,10,15,13,14,12,40,980,25,36,11,20,15,9,11,798,49,38,75,46,55,43,150,4154,42,162,42,61,41,28,27
180,1,45535,45535,374,362,96.26666666666667,98.13333333333333,0,0,62.209541790911565,60,720,70,19,12,15,12,20,11,42,968,5,27,13,15,12,13,19,918,49,43,52,48,76,51,144,4332,10,90,31,43,36,56,67
180,1,43704,42714,335,356,95.39295392953929,89.15989159891599,0,0,46.38613931902535,60,720,98,16,14,16,10,21,16,36,946,12,31,14,18,13,13,9,993,52,47,72,39,66,66,122,4036,26,125,37,59,89,37,35
180,1,50061,50061,356,340,94.11764705882352,98.0392156862745,0,0,67.06564378662296,60,720,48,16,9,11,13,16,12,45,1092,21,37,14,18,11,14,13,988,51,28,38,38,58,63,137,5292,46,151,56,83,30,42,35
180,1,47164,47164,372,358,94.63806970509383,98.12332439678283,0,0,60.85233859391107,60,720,64,14,15,14,15,20,11,43,986,20,38,12,13,9,11,14,850,40,51,35,48,60,46,128,4363,55,123,44,45,52,40,51
180,1,51354,47058,240,272,94.38596491228071,82.10526315789474,0,0,79.4991832585782,60,720,51,17,15,16,13,19,11,53,1483,18,48,14,13,10,13,19,1002,52,51,61,45,84,52,156,5385,98,170,53,37,32,30,41
180,1,51981,47464,245,273,94.13793103448276,82.41379310344827,0,0,79.32864078945221,60,720,50,17,13,19,12,19,13,42,1439,18,48,14,23,14,9,7,753,60,31,119,56,51,51,149,5288,71,137,52,92,53,24,18
180,1,44216,44216,373,358,94.11764705882352,98.1283422459893,0,0,61.55641617392039,60,720,202,25,12,18,13,15,11,42,832,22,35,14,12,12,11,12,1149,55,38,80,72,39,43,123,3748,56,169,44,54,45,36,42
180,1,45632,45632,370,355,94.07008086253369,98.11320754716981,0,0,66.8951372572462,60,720,86,11,12,20,12,17,17,35,969,7,36,14,18,14,16,13,751,41,42,99,49,45,41,148,4576,9,128,36,99,78,49,48
180,1,45907,45907,371,359,95.6989247311828,98.11827956989248,0,0,91.09310304230411,60,720,187,14,13,17,13,17,9,50,867,33,30,11,13,12,15,9,1176,38,35,61,40,54,53,155,4236,64,141,25,52,46,86,32
180,1,46638,46638,365,350,95.3551912568306,98.08743169398907,0,0,64.21376720672696,60,720,190,15,20,16,15,14,13,38,883,17,38,14,18,12,14,15,1360,51,60,72,66,37,41,136,4677,77,113,54,64,52,55,43
180,1,46672,46672,375,364,95.74468085106383,98.13829787234043,0,0,85.84009302906789,60,720,72,13,14,14,15,18,13,44,969,12,37,12,15,10,9,8,1375,45,43,56,49,71,52,149,4277,42,109,53,72,36,37,31
180,1,38749,34511,227,259,94.85294117647058,81.25,0,0,67.74231741207888,60,720,53,20,18,16,9,18,12,43,1105,15,32,9,18,13,12,12,1072,63,49,40,33,56,37,121,4894,41,135,22,53,37,33,46
180,1,53112,53112,335,321,92.55952380952381,97.91666666666666,0,0,74.44491221548873,60,720,55,15,14,17,17,16,9,46,1211,19,37,15,15,12,13,10,1090,43,31,83,58,46,26,148,5127,44,153,30,50,54,35,30
180,1,44881,44881,374,360,95.73333333333333,98.13333333333333,0,0,91.80843568207374,60,720,52,15,14,18,12,17,9,36,988,4,38,13,14,13,13,11,1222,43,46,64,47,73,45,147,4008,10,136,42,48,40,47,33
180,1,48575,48575,336,325,94.95548961424333,97.92284866468842,0,0,79.92977506945147,60,720,101,16,18,19,16,16,13,46,1182,14,42,17,16,13,11,10,1024,60,74,86,64,64,47,156,4509,59,161,75,59,40,41,44
180,1,35845,31675,228,258,91.57509157509158,81.31868131868131,0,0,59.50210107684536,60,720,277,18,18,13,14,17,11,46,844,18,41,14,14,15,16,14,1567,47,52,48,60,55,38,150,3918,34,123,53,44,55,55,25
180,1,54427,54427,311,300,94.87179487179486,97.75641025641025,0,0,97.8775096883073,60,720,56,17,16,20,15,17,16,46,1412,23,42,15,15,15,15,13,1365,47,59,61,85,58,68,119,5319,92,139,56,52,56,40,38
180,1,46736,44409,286,315,93.35347432024169,84.59214501510573,0,0,59.24247387600033,60,720,56,15,11,15,14,15,15,47,1160,17,31,15,16,13,12,11,670,45,37,121,44,59,63,140,5461,44,103,76,59,40,30,52
180,1,40583,35959,258,288,93.06930693069307,83.16831683168317,0,0,57.28122792724169,60,720,209,16,14,15,10,16,9,35,889,20,31,14,11,12,13,11,1169,39,53,61,45,72,27,110,4104,43,95,45,31,46,50,40
180,1,54371,54371,309,297,95.48387096774194,97.74193548387096,0,0,94.69444545168483,60,720,55,18,18,23,18,15,13,44,1411,22,56,15,18,12,12,11,1227,67,56,74,81,65,63,176,5051,96,189,56,115,48,37,61
180,1,53998,53998,308,292,93.85113268608414,97.73462783171522,0,0,94.38244743709596,60,720,60,16,27,23,16,22,13,47,1410,21,51,13,16,11,11,8,756,61,73,89,83,76,45,154,5369,81,151,45,75,39,40,34
180,1,36836,36835,269,254,91.85185185185185,97.4074074074074,0,0,58.63986165154614,60,720,143,22,15,16,13,20,16,48,935,26,38,12,13,11,12,16,974,81,46,44,46,52,51,131,4091,74,111,42,36,44,29,55
180,1,44071,39863,291,319,93.45238095238095,84.82142857142857,0,0,49.62393804274298,60,720,77,13,26,18,13,14,14,49,992,17,34,18,11,10,12,12,910,57,76,168,34,64,40,118,3913,53,101,40,28,48,30,37
180,1,34892,30608,222,251,92.50936329588015,80.89887640449437,0,0,56.2587731642156,60,720,62,13,15,23,10,18,9,38,1011,11,30,12,16,11,9,13,690,57,40,84,43,44,46,150,3943,32,101,46,41,43,24,61
180,1,49850,49850,356,344,96.07843137254902,98.0392156862745,0,0,67.60741144237055,60,720,147,17,19,18,16,20,17,43,994,19,33,13,13,11,12,13,1110,50,83,66,42,79,65,132,5144,45,121,42,41,41,36,46
180,1,46049,45734,351,346,94.21487603305785,95.0413223140496,0,0,59.7563475404885,60,720,89,18,14,18,14,18,12,39,981,5,36,12,17,13,13,12,970,69,45,78,57,63,35,139,4289,19,125,45,55,49,53,41
180,1,53646,53646,305,290,94.44444444444444,97.7124183006536,0,0,93.44797174242876,60,720,51,18,14,17,20,17,10,44,1442,19,45,19,14,15,12,5,1430,58,46,51,81,59,36,148,5484,76,200,54,53,53,33,20
180,1,46041,46041,371,356,94.35483870967742,98.11827956989248,0,0,62.21794560257519,60,720,86,15,12,26,17,16,10,50,967,14,40,13,16,10,12,11,726,47,60,84,54,56,31,159,4801,24,113,54,74,26,44,28
180,1,50151,50151,358,342,93.87186629526462,98.05013927576601,0,0,88.33411721839562,60,720,67,21,10,17,15,19,11,42,1070,22,39,11,15,10,11,12,730,58,45,50,64,59,33,136,5278,45,172,41,38,31,28,38
180,1,32577,28750,202,232,93.11740890688259,96.55172413793103,0,0,61.77390902938966,60,720,240,17,12,25,16,17,13,47,921,16,27,16,14,14,18,16,1688,64,38,101,60,45,46,224,4048,28,102,32,41,33,65,42
180,1,46796,46796,371,359,95.6989247311828,98.11827956989248,0,0,79.32555078433649,60,720,162,16,10,14,14,20,11,47,889,35,36,12,18,11,11,11,1170,71,26,50,95,59,46,138,4252,94,142,57,61,39,35,31
180,1,48719,48719,357,343,94.97206703910615,98.04469273743017,0,0,59.311181259723,60,720,237,16,11,21,13,18,13,44,896,11,41,11,17,13,12,15,1324,62,39,59,56,59,57,189,5220,53,148,41,58,64,46,46
180,1,45322,45322,375,359,94.14893617021278,98.13829787234043,0,0,87.41678834014401,60,720,104,15,11,15,12,16,10,46,932,12,33,14,15,12,14,12,1096,52,37,67,47,77,27,152,4040,28,128,38,46,44,44,47
180,1,53848,53848,306,292,93.48534201954396,98.0456026058632,0,0,78.36451401053681,60,720,56,13,14,18,11,23,19,48,1446,20,49,13,15,11,14,14,810,52,41,65,51,85,53,141,5422,71,132,44,43,39,39,46
180,1,48163,48163,367,355,95.65217391304348,98.09782608695652,0,0,93.03310124159403,60,720,56,14,12,15,12,15,12,43,1018,23,33,14,14,12,12,11,615,39,47,59,49,78,82,167,5008,74,139,42,48,43,34,44
180,1,50596,50596,350,335,94.30199430199431,98.00569800569801,0,0,96.85515475552484,60,720,49,14,16,20,14,16,10,37,1131,14,31,11,14,13,13,13,1263,34,52,68,48,58,31,118,5436,54,95,43,43,42,37,47
180,1,54072,54072,308,295,91.58576051779936,97.73462783171522,0,0,89.98419609019787,60,720,56,15,14,17,19,15,12,41,1424,18,31,13,22,10,14,8,1540,76,73,71,61,55,61,138,5300,61,116,56,124,34,39,28
180,1,53372,53372,308,294,93.52750809061489,97.73462783171522,0,0,86.75733936532492,60,720,51,15,19,18,16,15,11,67,1432,21,42,13,20,11,15,11,792,45,64,94,62,45,38,186,5282,62,152,36,49,35,41,26
180,1,48649,48649,368,356,95.6639566395664,98.1029810298103,0,0,64.06786904523769,60,720,53,22,16,14,11,22,10,43,1018,12,38,17,15,12,12,12,821,60,43,50,46,75,31,136,4735,50,153,57,52,41,37,42
180,1,51895,48799,251,279,92.9054054054054,82.77027027027027,0,0,86.14014957457621,60,720,52,18,12,18,13,17,9,44,1474,15,45,11,14,12,13,19,661,60,39,71,73,40,50,212,5389,58,165,34,34,46,29,52
180,1,47044,47044,371,356,94.6236559139785,98.11827956989248,0,0,87.70877733712945,60,720,150,12,15,15,13,19,11,38,903,17,41,11,14,13,17,17,867,42,48,66,54,73,47,139,4146,47,157,39,45,61,44,47
180,1,48514,48514,362,345,95.0413223140496,98.07162534435263,0,0,63.14480878691313,60,720,48,11,16,8,14,18,14,45,1061,19,37,12,17,13,17,12,874,43,40,26,37,66,58,143,5386,50,108,35,61,46,58,39
180,1,50557,50557,316,301,93.69085173501577,97.79179810725552,0,0,82.37958889391889,60,720,48,17,14,20,12,19,10,43,1368,19,39,10,14,8,14,14,750,48,33,64,43,53,34,98,5394,55,145,30,52,24,41,47
180,1,45586,45586,353,339,95.19774011299435,98.0225988700565,0,0,59.541018389012585,60,720,284,17,16,16,13,14,10,48,807,21,37,9,14,11,11,13,1641,55,54,67,48,56,34,284,4282,64,137,29,51,48,42,76
180,1,48020,48020,369,354,94.05405405405406,98.1081081081081,0,0,63.35522820064829,60,720,91,16,10,17,24,15,24,49,973,16,38,14,17,9,12,12,690,39,31,54,68,54,88,142,4897,40,119,47,92,35,42,58
180,1,42299,37143,184,212,91.26637554585153,77.72925764192141,0,0,82.84931838972932,60,720,68,17,9,18,9,18,15,49,1464,21,36,10,18,15,12,11,1170,48,43,55,39,67,42,150,5349,85,140,39,51,32,31,23
180,1,54126,54126,308,296,95.14563106796116,97.73462783171522,0,0,85.88964119850685,60,720,49,16,12,16,14,20,14,41,1427,18,37,13,13,12,11,8,1301,33,42,81,58,51,136,132,5218,68,143,29,50,56,40,18
180,1,44606,44606,363,347,93.95604395604396,98.07692307692307,0,0,70.33429668962373,60,720,252,13,17,18,15,16,15,41,848,16,36,14,15,12,13,12,1760,42,60,49,43,43,53,127,4146,59,138,69,39,37,36,39
180,1,53621,53621,308,292,94.1747572815534,97.73462783171522,0,0,84.58645000940541,60,720,69,18,17,19,15,16,17,44,1390,17,36,12,13,12,9,10,1221,62,43,85,47,51,54,163,5313,52,151,48,60,45,40,38
180,1,47017,47017,372,357,94.10187667560321,98.12332439678283,0,0,67.9651263814048,60,720,163,14,22,21,11,19,14,39,881,37,30,11,17,12,15,12,1003,44,55,48,52,59,41,121,4166,66,118,57,59,53,46,65
180,1,50650,50650,312,300,95.52715654952077,97.76357827476039,0,0,81.54117073535193,60,720,76,15,13,20,14,13,12,45,1383,18,44,12,14,13,8,15,857,51,32,76,52,48,34,169,5136,77,99,30,54,48,27,39
180,1,45801,45801,375,359,94.14893617021278,98.13829787234043,0,0,63.82409881051263,60,720,63,18,17,19,12,12,10,44,973,14,29,13,12,10,17,11,690,43,45,80,50,42,31,143,4187,50,123,35,53,57,63,41
180,1,43788,43788,376,364,96.02122015915118,98.14323607427056,0,0,63.78462140200582,60,720,55,15,11,14,18,14,15,45,979,15,36,12,14,11,10,12,1601,45,30,48,83,45,61,143,4054,22,152,28,52,40,29,34
180,1,46615,46615,371,356,94.35483870967742,98.11827956989248,0,0,70.56222904767546,60,720,96,14,14,19,13,15,18,40,952,15,33,12,14,12,12,11,670,45,61,64,54,62,139,134,4364,51,146,46,49,55,42,41
180,1,34196,30198,214,244,91.8918918918919,80.3088803088803,0,0,57.396308172592654,60,720,97,15,14,15,11,16,10,38,1008,21,29,10,10,14,15,17,970,44,46,43,35,54,24,124,4316,32,113,30,29,35,58,43
180,1,53998,53998,307,291,93.83116883116884,97.72727272727273,0,0,86.97771093624728,60,720,51,22,18,23,12,16,10,44,1440,20,44,13,11,13,14,8,550,81,61,113,46,46,33,113,5294,73,161,47,34,43,58,31
180,1,51727,51727,342,329,93.87755102040816,97.95918367346938,0,0,76.40879893779359,60,720,71,24,12,16,16,24,13,42,1154,13,30,10,15,16,11,9,750,53,30,58,42,68,48,148,5321,49,116,38,45,67,43,35
180,1,46481,46481,372,357,95.44235924932975,98.12332439678283,0,0,64.55521895341437,60,720,147,13,16,17,11,23,14,48,901,21,38,14,16,14,14,13,1162,43,34,72,38,71,51,115,4255,40,190,46,58,74,52,34
180,1,46089,46089,371,357,95.96774193548387,98.11827956989248,0,0,63.17833351650819,60,720,202,17,17,16,10,14,11,50,845,17,37,11,14,12,12,10,1220,39,52,56,48,44,39,175,4358,59,151,39,44,38,36,40
180,1,48913,48913,357,342,95.25139664804469,98.04469273743017,0,0,89.38611950745266,60,720,56,20,13,14,12,19,12,37,1085,17,35,12,14,11,13,11,1091,53,44,40,83,43,44,137,5596,59,162,53,39,35,62,36
180,1,36041,32386,196,225,91.28630705394191,78.83817427385893,0,0,70.4635285828368,60,720,66,22,18,17,9,14,13,35,1142,14,46,7,14,14,13,9,690,58,49,82,29,47,28,143,4949,42,171,18,32,49,31,33
180,1,46968,46968,369,357,95.94594594594594,98.1081081081081,0,0,62.80924138883621,60,720,197,15,16,14,18,16,11,46,857,13,41,13,16,11,15,10,1106,45,55,51,51,51,27,147,4156,42,171,32,81,68,55,33
180,1,54032,54032,310,293,93.2475884244373,97.7491961414791,0,0,90.90778530337981,60,720,48,14,19,19,17,22,11,46,1420,20,41,12,17,10,11,10,871,50,79,133,83,54,41,120,5098,58,240,47,45,30,33,40
180,1,41397,36729,259,292,94.4078947368421,83.22368421052632,0,0,50.60360836657798,60,720,148,18,15,13,12,25,11,33,926,32,37,17,18,15,8,9,938,52,69,53,59,82,38,130,4229,49,128,57,58,43,22,25
180,1,45462,44600,332,346,94.45983379501385,90.30470914127424,0,0,60.843790455415665,60,720,114,12,15,12,16,13,12,47,967,9,36,12,15,9,10,13,970,31,41,59,50,41,33,177,4591,30,110,55,45,41,48,40
180,1,43511,43511,373,361,95.72192513368985,98.1283422459893,0,0,55.393536906212645,60,720,198,17,8,19,13,14,11,48,836,12,36,15,14,12,17,10,1089,39,41,163,34,43,47,188,3690,25,133,80,51,53,63,31
180,1,44327,44327,371,358,94.89247311827957,98.11827956989248,0,0,64.5872112317363,60,720,184,17,17,17,12,16,13,43,867,4,33,13,13,13,13,12,1093,49,50,94,55,57,65,151,4173,7,191,63,46,42,34,51
180,1,47026,47026,353,337,94.35028248587571,98.0225988700565,0,0,84.90952548561026,60,720,690,17,15,17,13,18,11,47,453,12,38,14,13,14,12,12,3243,48,62,61,62,54,40,167,4312,34,122,51,80,46,41,43
180,1,51714,51714,342,326,94.46064139941691,97.95918367346938,0,0,72.82046023907701,60,720,110,17,19,20,14,16,11,44,1115,14,30,14,18,9,11,13,1166,50,62,86,58,54,39,152,5477,27,117,56,98,29,35,29
180,1,47086,47086,373,361,95.72192513368985,98.1283422459893,0,0,58.920436801255164,60,720,133,9,15,19,13,17,11,45,909,17,32,13,16,19,10,12,1546,29,47,63,30,69,34,172,4008,58,112,45,44,144,38,51
180,1,47548,47548,367,354,95.38043478260869,98.09782608695652,0,0,89.56910918910846,60,720,215,14,16,17,10,19,15,40,860,16,31,16,15,10,14,13,1263,43,62,101,39,89,62,153,4432,54,180,58,42,39,54,42
180,1,53754,53754,305,290,94.44444444444444,97.7124183006536,0,0,90.6849530109176,60,720,52,12,13,21,18,13,12,49,1441,23,38,15,15,14,14,12,1056,44,65,229,120,36,91,260,5346,56,123,42,56,50,54,40
180,1,43496,43496,364,349,94.24657534246576,98.08219178082192,0,0,88.9426532077357,60,720,457,13,15,14,14,15,10,44,618,23,30,15,15,13,10,9,2380,36,51,41,61,46,60,172,3591,106,117,63,61,81,35,27
180,1,52320,52320,344,333,95.65217391304348,97.97101449275362,0,0,80.90262988029946,60,720,49,14,12,15,14,16,12,44,1160,31,38,18,21,12,13,10,1176,34,46,67,41,41,33,117,5167,83,143,53,79,42,68,27
180,1,30924,28257,178,206,90.5829596412556,77.13004484304933,0,0,66.2926743290978,60,720,230,15,13,20,14,23,12,40,940,22,45,17,12,17,9,9,1341,50,42,63,58,66,35,124,4258,67,149,47,26,83,26,31
180,1,42534,38138,283,314,93.90243902439023,84.45121951219512,0,0,53.37780717197624,60,720,175,18,14,18,12,17,10,48,904,14,34,14,12,12,12,12,1091,52,53,48,48,51,33,179,4160,58,160,34,30,76,44,31
180,1,36193,32109,151,179,91.3265306122449,73.9795918367347,0,0,82.59299591641168,60,720,56,18,12,13,10,20,16,45,1447,20,44,10,12,10,12,7,949,67,51,44,40,50,53,149,5517,49,118,33,37,26,36,27
180,1,45892,45892,369,355,94.5945945945946,98.1081081081081,0,0,69.33245721492078,60,720,159,14,17,17,11,16,10,49,893,12,30,13,16,10,13,11,1096,46,70,62,49,56,35,164,4008,44,182,53,50,57,30,39
180,1,43958,43958,378,363,94.45910290237467,98.15303430079155,0,0,87.57692387800812,60,720,110,20,16,12,10,18,12,39,911,16,29,13,17,12,11,11,851,59,64,35,36,59,51,130,3850,40,137,46,76,40,44,32
180,1,52592,51711,277,285,91.72185430463577,89.73509933774835,0,0,75.61186410929818,60,720,50,17,15,17,15,17,11,49,1458,22,42,11,12,13,8,12,550,55,35,60,81,42,33,152,5282,96,129,45,57,38,23,37
180,1,48061,48061,362,346,94.49035812672176,98.07162534435263,0,0,84.71664242145918,60,720,58,17,12,21,19,14,13,45,1049,9,36,14,15,9,13,10,830,47,49,119,69,41,46,148,5602,23,101,42,52,30,46,32
180,1,46293,46293,374,360,93.86666666666666,98.13333333333333,0,0,61.053202005249986,60,720,71,14,17,14,18,19,16,42,971,7,25,9,13,13,11,13,1223,36,38,48,62,60,56,137,4148,20,104,25,55,63,39,51
180,1,45481,45481,372,357,94.90616621983914,98.12332439678283,0,0,90.15355898908734,60,720,60,14,18,18,16,19,18,42,988,13,30,13,13,13,14,13,790,57,46,42,79,67,64,209,4210,28,113,63,48,66,43,38
180,1,46649,46649,367,351,94.83695652173914,98.09782608695652,0,0,62.91297831438521,60,720,246,22,17,16,13,16,13,45,837,16,36,12,13,11,9,14,1482,57,54,62,48,57,56,129,4233,39,197,32,45,32,32,50
180,1,46723,46723,372,356,94.10187667560321,98.12332439678283,0,0,62.250523510915606,60,720,76,21,14,16,11,11,13,47,966,12,33,13,10,10,11,12,701,51,52,129,28,42,46,174,4329,32,101,45,38,32,60,37
180,1,52257,52257,305,289,93.13725490196079,97.7124183006536,0,0,97.1540869628988,60,720,57,16,11,24,19,18,13,44,1446,18,45,12,14,12,10,11,878,47,42,113,69,55,50,133,5546,63,117,37,80,36,23,41
180,1,48627,48627,356,341,93.8375350140056,98.0392156862745,0,0,65.81615678482999,60,720,298,15,19,16,15,17,12,38,841,19,37,12,13,12,12,12,1444,46,53,54,56,54,37,139,5137,41,121,32,46,37,33,50
180,1,42880,42879,255,244,93.75,97.265625,0,0,67.18065674464394,60,720,76,12,18,17,15,16,11,45,1207,18,30,11,18,12,10,10,988,30,63,61,37,39,32,175,5458,60,124,49,48,53,38,37
180,1,50789,50789,346,334,95.11494252873564,97.98850574712644,0,0,67.66714283964326,60,720,128,25,10,23,17,19,14,46,1066,19,40,12,16,10,12,12,1096,73,25,170,60,58,55,129,5345,63,177,33,64,38,67,52
180,1,46133,46133,375,360,94.14893617021278,98.13829787234043,0,0,60.132885658047314,60,720,117,16,14,16,15,18,13,44,920,13,29,10,13,14,11,11,1450,69,47,60,103,74,67,171,3896,34,96,52,75,45,37,38
180,1,53608,53608,307,292,93.18181818181817,97.72727272727273,0,0,82.03389756415127,60,720,48,17,18,19,19,17,12,50,1435,17,49,14,12,12,13,14,610,46,67,64,64,54,31,275,5205,55,153,56,38,50,29,46
180,1,43411,43411,377,366,96.03174603174604,98.14814814814815,0,0,85.50584616137714,60,720,182,13,13,17,9,14,9,42,839,8,39,11,13,12,12,13,1023,39,53,66,40,71,40,155,3584,23,131,50,54,58,37,66
180,1,46702,46702,376,361,94.42970822281167,98.14323607427056,0,0,89.75631112978151,60,720,58,18,12,11,14,14,13,53,970,22,40,12,14,19,11,10,1364,44,37,39,108,62,64,155,4051,64,171,48,34,66,31,32
180,1,44613,43679,334,350,94.27792915531336,89.3732970027248,0,0,57.49815403635823,60,720,85,13,13,20,14,18,16,38,964,8,34,14,17,10,12,11,730,33,37,70,46,70,94,137,3825,31,118,52,48,34,46,43
180,1,46854,46854,375,360,94.41489361702128,98.13829787234043,0,0,57.029140140345724,60,720,91,15,15,14,15,19,10,43,945,10,35,13,18,12,12,12,815,39,45,51,90,61,45,224,4172,31,141,35,63,49,34,41
180,1,51378,51378,312,300,92.65175718849841,97.76357827476039,0,0,80.8660236798175,60,720,68,14,10,17,12,15,12,40,1388,19,45,14,13,16,10,13,575,45,46,65,45,60,52,148,5201,57,215,82,57,55,33,49
180,1,52177,52177,334,320,93.13432835820895,97.91044776119404,0,0,78.36072407971345,60,720,62,16,16,24,13,19,13,40,1206,17,32,12,15,13,16,9,979,60,43,87,57,76,56,179,5322,71,136,56,50,40,50,29
180,1,47623,47623,373,358,94.6524064171123,98.1283422459893,0,0,84.0964885468747,60,720,73,19,14,17,16,14,13,39,969,25,38,11,17,11,13,10,970,64,52,59,49,41,50,121,4403,57,146,41,60,27,34,44
180,1,51911,51911,308,293,92.55663430420712,97.73462783171522,0,0,94.06713996397872,60,720,49,16,15,18,15,23,12,36,1425,18,44,14,10,12,8,12,670,41,48,55,56,80,44,118,5196,50,163,50,30,29,23,44
180,1,53272,53272,305,289,93.4640522875817,97.7124183006536,0,0,88.38956323067428,60,720,58,21,16,22,16,20,12,37,1438,21,44,16,14,8,10,10,1090,74,71,108,69,85,59,133,5612,60,149,59,49,30,28,31
180,1,53739,53739,306,294,94.48051948051948,97.72727272727273,0,0,79.67132244948588,60,720,53,18,16,18,13,15,11,47,1439,19,43,11,15,10,11,13,918,70,55,80,75,38,69,134,5180,109,180,28,46,29,37,32
180,1,52965,52965,325,311,94.1717791411043,97.85276073619632,0,0,85.24321870986311,60,720,49,14,9,20,12,18,16,41,1282,20,44,15,12,11,13,11,750,45,49,158,58,116,85,164,5501,55,156,45,34,41,36,25
180,1,46801,46801,370,360,96.22641509433963,98.11320754716981,0,0,63.866383381227486,60,720,182,15,13,16,13,13,13,46,877,32,37,13,12,9,11,13,1467,41,41,71,60,48,42,190,4152,80,179,50,51,47,42,41
180,1,43553,41004,304,332,94.55587392550143,85.38681948424069,0,0,56.05456317498261,60,720,57,18,8,18,11,20,14,46,1020,18,31,9,14,11,17,14,610,60,22,55,42,87,58,154,4452,91,162,36,68,39,98,39
180,1,46137,46137,376,361,94.16445623342176,98.14323607427056,0,0,62.58756059968896,60,720,79,23,12,14,13,15,12,43,954,9,34,9,13,13,13,10,630,72,36,78,49,39,33,151,4082,20,127,29,60,44,37,32
180,1,53478,53478,305,290,94.44444444444444,98.0392156862745,0,0,89.20370306765912,60,720,49,16,15,20,16,12,14,37,1453,20,43,13,16,9,12,12,912,71,55,78,81,51,64,169,5562,75,134,33,52,46,36,23
180,1,53711,53711,306,292,94.48051948051948,97.72727272727273,0,0,92.35943720873522,60,720,61,19,15,26,13,17,13,42,1429,20,46,13,19,11,15,12,1157,49,40,75,41,52,47,127,5354,70,145,41,72,24,44,36
180,1,47853,47853,364,349,94.79452054794521,98.08219178082192,0,0,64.41844139243767,60,720,125,12,20,18,17,18,14,47,972,14,37,12,17,13,13,11,1060,36,71,46,53,48,64,190,5480,47,113,69,76,61,42,39
180,1,45823,45823,376,363,94.16445623342176,98.14323607427056,0,0,60.39510650477199,60,720,115,17,18,15,12,16,10,48,910,22,40,12,21,12,14,12,846,46,67,55,87,60,40,145,4051,44,167,46,88,40,45,40
180,1,34461,30457,141,173,90.86021505376344,72.58064516129032,0,0,80.56874776927343,60,720,61,18,11,12,15,22,10,60,1439,16,47,14,17,15,7,14,882,62,32,40,47,67,37,175,5354,54,175,32,42,50,24,39
180,1,53960,53960,308,292,92.85714285714286,98.05194805194806,0,0,79.58544243418747,60,720,50,18,13,23,16,16,10,43,1437,20,40,14,15,10,16,8,1050,79,45,107,71,47,52,116,5354,72,168,56,33,31,52,28
180,1,53743,53743,307,291,94.48051948051948,97.72727272727273,0,0,85.9177966777943,60,720,52,16,13,17,15,16,16,46,1428,17,38,16,17,13,15,13,1610,64,71,83,64,53,74,136,5335,72,135,38,51,44,33,30
180,1,54012,54012,307,295,95.45454545454545,97.72727272727273,0,0,81.506670438916,60,720,58,15,23,22,15,16,8,47,1430,18,48,12,12,16,9,12,1436,57,73,146,55,42,37,174,5264,48,147,35,41,64,24,38
180,1,53557,53557,308,293,92.88025889967638,97.73462783171522,0,0,85.0287108566314,60,720,54,12,15,22,13,21,15,48,1432,21,41,13,12,11,15,13,693,34,46,78,53,60,51,181,5217,46,169,47,40,48,44,34
180,1,53639,53639,308,293,93.20388349514563,97.73462783171522,0,0,80.79165050925252,60,720,59,16,19,23,12,15,12,50,1418,26,39,14,18,14,14,7,1541,48,75,127,45,56,40,126,5465,89,116,40,78,106,71,16
180,1,53671,53671,308,292,92.88025889967638,97.73462783171522,0,0,110.14298938973774,60,720,50,15,13,24,15,16,14,53,1417,20,41,12,13,9,14,14,832,54,66,100,80,45,37,156,5211,65,143,38,49,30,49,31
180,1,53833,53833,306,292,93.48534201954396,97.71986970684038,0,0,97.19011381261879,60,720,48,22,15,26,12,19,10,45,1433,18,46,11,20,11,9,11,841,66,37,144,46,63,48,126,5585,57,131,39,69,32,30,25
180,1,45453,44683,336,348,94.23076923076923,90.65934065934066,0,0,59.69573411826977,60,720,61,12,10,13,13,16,14,48,1009,8,32,15,14,13,11,11,1412,36,43,43,75,64,47,139,4231,25,184,55,82,40,37,31
180,1,44249,43681,341,347,94.5054945054945,92.03296703296702,0,0,50.781085097027955,60,720,114,12,17,13,12,16,10,47,949,31,37,13,15,9,11,11,924,34,59,37,67,53,35,184,4249,77,124,33,51,26,32,44
180,1,50050,50050,334,319,93.43283582089552,97.91044776119404,0,0,72.2782265231352,60,720,360,15,15,16,14,17,13,48,939,13,40,12,14,13,11,13,3051,55,91,69,55,81,56,169,5339,30,119,33,110,40,53,45
180,1,44849,42326,303,331,93.96551724137932,85.34482758620689,0,0,49.16440240317439,60,720,143,17,11,19,11,17,14,48,934,28,34,15,11,11,15,10,819,47,27,69,42,55,65,181,4357,63,123,57,43,34,47,47
180,1,51312,51312,344,328,93.6231884057971,97.97101449275362,0,0,71.05583110762765,60,720,65,13,16,16,13,15,9,41,1144,20,36,11,14,10,8,9,642,51,38,52,63,39,35,141,5459,54,110,38,40,38,39,30
180,1,45557,44960,325,335,94.84240687679083,91.40401146131805,0,0,67.78579583179241,60,720,283,11,16,20,19,15,12,44,863,29,46,18,12,14,11,8,2417,50,56,74,57,52,50,154,4206,64,174,45,31,96,35,23
180,1,53341,53341,308,292,93.52750809061489,97.73462783171522,0,0,86.00405514922826,60,720,54,14,17,18,14,18,11,42,1434,18,40,11,19,16,11,9,1326,61,59,70,51,59,53,207,5295,70,151,41,69,58,32,46
180,1,52453,52453,306,290,92.18241042345277,97.71986970684038,0,0,86.02160716968686,60,720,47,16,19,22,14,14,22,52,1442,21,35,14,12,14,9,14,730,72,58,102,72,45,117,141,5355,66,164,45,56,74,25,58
180,1,46223,46223,375,360,94.41489361702128,98.13829787234043,0,0,64.45114791185917,60,720,60,20,14,20,17,13,14,46,982,16,33,14,13,13,9,12,670,63,33,131,89,44,69,200,4380,50,137,42,42,46,34,42
180,1,52112,52112,340,325,93.841642228739,97.94721407624634,0,0,99.34425945275612,60,720,59,21,11,15,17,18,13,51,1178,14,46,14,15,14,13,12,1030,67,40,38,72,55,42,141,5156,37,133,38,47,44,41,35
180,1,46289,46289,374,358,94.39999999999999,98.13333333333333,0,0,87.66455550125966,60,720,73,15,11,14,14,18,12,45,965,31,36,14,14,11,9,9,920,50,28,57,54,60,66,161,4197,67,135,63,64,30,40,19
180,1,43012,43012,381,369,96.07329842931938,98.1675392670157,0,0,77.5876868116747,60,720,89,15,12,11,14,18,11,42,913,12,39,13,18,11,12,13,1009,40,34,32,36,55,33,149,3429,25,166,46,110,41,49,41
180,1,48465,42298,213,243,91.47286821705426,80.23255813953489,0,0,80.44866092803308,60,720,60,18,14,19,11,15,15,48,1466,18,46,16,21,10,9,8,908,78,48,86,35,62,48,150,5437,47,130,54,61,38,19,20
180,1,52766,52766,329,313,94.24242424242424,97.87878787878788,0,0,80.19025020245118,60,720,211,13,22,17,13,12,13,46,1120,20,40,14,14,12,10,12,1239,47,74,93,51,59,51,130,5033,54,137,48,44,35,39,52
180,1,44273,40521,293,325,95.26627218934911,84.91124260355029,0,0,55.06309574306165,60,720,70,19,15,14,13,9,12,41,1004,17,38,12,17,15,10,13,980,58,52,34,34,34,68,224,4218,33,101,47,64,58,42,48
180,1,48382,48382,361,347,94.7513812154696,98.06629834254143,0,0,64.76204904059819,60,720,299,19,16,17,17,22,21,51,800,19,40,12,16,12,9,13,1498,56,46,69,58,75,64,145,4815,50,199,39,122,45,25,50
180,1,46413,43660,290,322,95.82089552238806,84.77611940298507,0,0,61.19791755658933,60,720,98,17,11,9,13,16,8,43,1063,9,40,17,13,9,14,11,1339,44,44,30,61,56,45,180,5252,20,118,63,60,27,48,35
180,1,53415,53415,307,296,94.48051948051948,97.72727272727273,0,0,103.60181622490524,60,720,49,15,15,16,14,15,11,46,1438,19,46,12,10,13,16,18,1456,45,38,80,55,41,45,123,5355,65,135,35,25,48,93,39
180,1,53165,53165,307,291,94.48051948051948,97.72727272727273,0,0,97.44656028890557,60,720,50,17,12,16,11,21,14,47,1432,20,37,16,16,14,7,10,932,43,38,64,27,70,43,155,5483,99,106,37,40,57,25,35
180,1,35947,31710,233,261,92.08633093525181,81.65467625899281,0,0,55.942309258044,60,720,73,16,12,14,14,20,11,45,1005,25,37,10,17,11,13,11,1194,42,37,53,51,45,41,171,4093,40,166,36,54,48,48,30
180,1,53594,53594,308,298,94.1747572815534,97.73462783171522,0,0,98.1546450900703,60,720,47,16,16,32,17,15,9,44,1430,21,49,12,13,19,12,17,570,39,46,203,87,55,37,130,5271,93,222,32,51,105,35,46
180,1,51156,51156,345,331,94.50867052023122,97.97687861271676,0,0,81.72511253261628,60,720,58,18,10,18,16,18,11,49,1145,16,34,13,13,14,14,12,630,47,32,158,74,50,39,155,5376,48,152,48,43,51,47,36
180,1,54057,54057,308,295,95.14563106796116,97.73462783171522,0,0,80.81408748565352,60,720,51,17,15,17,14,21,12,48,1425,20,44,14,15,10,15,12,973,53,43,82,45,61,51,173,5333,92,190,40,75,50,40,32
180,1,45205,45205,373,356,94.6524064171123,98.1283422459893,0,0,75.72112200749805,60,720,79,14,14,15,13,21,10,43,965,15,30,15,14,12,11,9,680,50,39,64,67,63,31,178,4356,34,118,43,54,54,34,37
180,1,42130,37710,238,270,92.93286219081273,81.97879858657244,0,0,64.08076366704434,60,720,63,13,10,12,16,18,11,41,1134,30,40,11,14,12,12,13,750,36,37,36,55,54,46,165,5330,85,151,39,29,42,28,58
180,1,47207,47207,355,340,94.10112359550563,98.03370786516854,0,0,68.41657106804902,60,720,388,18,19,23,15,20,13,41,760,21,34,12,13,11,10,13,1949,38,58,76,57,54,36,133,5275,73,98,57,43,42,43,35
180,1,47800,47800,354,339,95.2112676056338,98.02816901408451,0,0,97.08107986276387,60,720,515,18,13,17,14,15,12,43,629,11,43,14,14,11,15,15,2312,56,52,71,78,50,40,154,5030,32,269,51,74,57,39,42
180,1,46889,41133,237,267,92.19858156028369,81.91489361702128,0,0,76.05393664450511,60,720,71,12,13,18,14,13,12,48,1314,14,45,16,18,19,17,12,1090,44,52,110,64,46,36,171,4786,46,124,47,50,52,50,37
180,1,45388,45214,356,347,93.95604395604396,96.15384615384616,0,0,61.84391774271666,60,720,71,20,14,18,12,14,12,43,995,13,38,12,12,16,11,11,790,46,59,58,44,44,40,155,4276,28,144,34,40,46,40,49
180,1,46855,46855,370,355,94.33962264150944,98.11320754716981,0,0,65.43634542783606,60,720,234,16,13,20,13,18,10,47,814,17,35,14,14,14,9,11,1370,52,46,62,47,52,36,146,4251,51,111,46,35,46,32,34
180,1,39440,34681,260,292,94.75409836065573,83.27868852459017,0,0,64.5709013711174,60,720,78,16,14,18,17,15,9,45,1018,8,36,12,17,17,12,13,1136,34,44,57,61,77,30,179,4282,16,188,43,76,99,27,29
180,1,45641,45641,367,352,94.02173913043478,98.09782608695652,0,0,88.7595600043267,60,720,82,18,10,17,8,11,12,58,997,13,40,13,13,12,15,10,750,50,37,104,22,41,62,238,4936,37,121,35,49,43,53,32
180,1,36487,32334,226,256,92.619926199262,81.18081180811808,0,0,59.52810297894035,60,720,84,22,14,14,12,19,11,33,1024,8,42,11,17,15,14,10,730,69,55,72,41,47,46,124,4372,21,183,33,49,57,35,57
180,1,47293,43974,268,296,92.65175718849841,83.70607028753993,0,0,63.80542815808371,60,720,146,15,18,21,14,17,9,43,1155,19,34,12,16,16,12,19,848,73,56,82,45,51,40,161,5493,57,119,35,67,72,30,47
180,1,48596,48596,358,343,94.15041782729804,98.05013927576601,0,0,62.23854256888147,60,720,79,17,18,21,11,15,15,37,1047,15,33,14,17,10,9,9,810,51,53,70,34,36,46,161,5567,39,102,53,56,36,25,30
180,1,53831,53831,308,293,93.52750809061489,97.73462783171522,0,0,95.37281565958565,60,720,51,20,15,18,15,15,16,45,1430,27,40,18,13,18,14,13,610,73,46,92,85,44,48,156,5243,71,144,59,54,89,51,72
180,1,52736,52736,323,307,92.90123456790124,97.8395061728395,0,0,85.00406191239789,60,720,48,17,16,20,13,21,15,41,1300,20,38,14,14,10,13,10,894,55,43,91,40,70,44,168,5354,92,123,53,57,46,39,34
180,1,45635,45635,373,363,96.52406417112299,98.1283422459893,0,0,64.81320264388305,60,720,91,22,12,20,19,23,12,52,945,24,38,16,15,11,12,13,1300,46,39,93,92,64,37,191,3968,43,166,65,46,54,32,39
180,1,43468,43468,380,365,94.750656167979,98.16272965879264,0,0,58.56810010880558,60,720,93,15,11,14,13,17,12,46,910,7,36,14,13,10,12,12,790,36,28,43,53,40,28,212,3550,11,106,41,47,39,45,40
180,1,31776,28221,126,155,88.30409356725146,70.17543859649122,0,0,80.90818590197664,60,720,63,20,17,24,15,27,12,53,1401,11,36,16,18,14,13,11,670,59,68,87,58,70,66,159,5255,38,108,44,43,39,31,38
180,1,46829,46829,366,356,96.18528610354224,98.09264305177112,0,0,64.56212327836421,60,720,409,13,16,18,11,20,10,47,647,20,33,17,13,10,13,13,1994,53,41,62,56,67,27,187,4058,46,123,51,42,65,45,40
180,1,42245,42245,303,288,93.0921052631579,97.69736842105263,0,0,56.3704917372092,60,720,388,16,9,19,13,15,12,47,696,26,46,13,13,11,13,10,2165,43,33,93,53,48,72,148,4163,63,212,55,41,37,38,37
180,1,34893,30553,200,230,91.42857142857143,79.18367346938776,0,0,67.71639746363374,60,720,347,14,14,17,16,16,11,46,882,10,39,12,17,11,14,11,2478,51,44,50,68,80,38,179,4208,21,121,38,54,26,49,23
180,1,44763,44763,370,356,94.33962264150944,98.11320754716981,0,0,87.99915388803251,60,720,342,21,9,14,18,14,9,45,706,9,36,13,13,15,12,11,1672,67,29,42,69,54,25,131,4092,18,147,43,55,54,50,33
180,1,47103,46799,334,323,95.82089552238806,97.91044776119404,0,0,55.997070403013176,60,720,60,20,18,18,12,11,10,39,1034,17,39,13,19,12,13,10,1297,59,41,58,44,53,27,145,4891,46,140,42,57,28,87,23
180,1,44568,44568,366,354,96.18528610354224,98.09264305177112,0,0,62.25201900492392,60,720,402,22,14,14,16,17,13,43,673,15,31,11,15,11,11,14,1952,84,42,41,68,51,47,156,4331,45,119,39,47,48,34,55
180,1,52886,52886,330,318,95.16616314199395,97.88519637462235,0,0,94.14247342682276,60,720,59,21,15,18,15,17,13,50,1245,16,41,10,14,17,13,10,872,66,66,67,55,55,38,162,5237,51,156,27,36,54,40,41
180,1,46669,46669,373,359,95.45454545454545,98.1283422459893,0,0,63.388402169436695,60,720,72,17,17,25,10,13,12,43,975,11,39,16,16,14,12,10,694,39,59,73,41,46,47,144,4456,21,153,37,56,47,39,33
180,1,46590,46590,376,365,96.02122015915118,98.14323607427056,0,0,59.39270478007261,60,720,127,13,18,16,14,18,10,47,907,17,40,14,16,13,12,10,1062,61,55,55,70,63,41,188,4073,38,172,56,40,48,42,33
180,1,43193,43193,380,365,94.48818897637796,98.16272965879264,0,0,57.20087540576338,60,720,80,17,16,18,20,14,9,40,936,18,37,10,18,9,11,11,610,47,44,65,108,56,32,139,3548,28,188,40,56,45,31,35
180,1,53545,53545,309,294,92.58064516129032,97.74193548387096,0,0,85.79182930713613,60,720,51,18,15,16,14,16,12,40,1420,21,41,12,12,10,12,12,716,47,77,92,108,51,34,133,5138,81,191,40,50,30,32,46
180,1,52003,52003,342,326,93.87755102040816,97.95918367346938,0,0,74.15236409913423,60,720,49,20,14,17,10,16,16,42,1170,23,36,14,14,8,9,10,690,53,54,74,38,58,63,147,5217,61,162,75,43,38,30,25
180,1,53893,53893,307,295,94.8051948051948,97.72727272727273,0,0,93.66579610811202,60,720,52,16,15,17,14,16,19,45,1433,22,36,11,18,11,14,13,1300,53,52,67,96,64,98,151,5177,72,117,30,57,39,47,33
180,1,35521,31345,219,248,91.28787878787878,80.68181818181817,0,0,64.23023336855613,60,720,236,14,11,12,14,17,10,52,881,19,32,10,14,14,9,10,1284,42,33,36,81,60,45,203,4275,59,92,31,41,41,20,29
180,1,50248,50248,350,337,94.01709401709401,98.00569800569801,0,0,67.95039197366705,60,720,55,21,14,17,13,18,8,47,1123,14,39,9,14,14,12,9,790,67,53,46,55,62,24,174,5556,49,149,39,46,49,59,38
180,1,47334,47334,371,355,95.43010752688173,98.11827956989248,0,0,62.6326260910288,60,720,186,21,14,20,15,16,10,40,867,7,38,12,18,10,11,13,1409,69,38,139,80,63,33,147,4038,8,140,44,68,62,33,40
180,1,53585,53585,308,294,93.20388349514563,97.73462783171522,0,0,84.6071967942041,60,720,63,12,15,18,15,14,12,42,1421,22,36,11,15,13,11,11,1520,46,66,59,54,41,41,117,5113,96,168,41,56,51,36,27
180,1,45807,45807,370,356,95.14824797843666,98.11320754716981,0,0,64.38227439140047,60,720,234,18,15,16,15,14,12,43,814,23,33,10,16,11,14,10,1329,51,50,96,52,70,38,203,4281,67,96,36,51,69,45,44
180,1,45885,45885,359,344,94.72222222222221,98.05555555555556,0,0,74.0828165574202,60,720,322,23,14,21,16,15,12,43,802,11,34,16,14,10,12,14,2303,80,37,67,74,71,37,129,4135,50,116,57,47,38,32,57
180,1,46412,46412,377,365,95.76719576719577,98.4126984126984,0,0,66.24061492658174,60,720,85,17,9,12,10,15,12,39,934,12,37,11,14,11,14,10,1085,57,40,39,44,46,48,179,3657,40,164,44,69,47,46,48
180,1,41917,40549,329,354,93.80053908355795,87.06199460916442,0,0,58.30739891573914,60,720,65,13,26,14,12,16,23,48,970,37,28,13,11,12,10,7,750,34,114,45,80,51,94,199,3499,86,101,49,39,61,43,22
180,1,49705,49705,350,334,94.01709401709401,98.00569800569801,0,0,95.60548675318395,60,720,132,13,18,12,14,15,9,45,1048,12,38,11,16,12,11,10,773,34,58,36,52,61,41,123,5162,35,125,39,61,36,39,32
180,1,36940,32231,237,267,92.5531914893617,81.91489361702128,0,0,65.90533756127593,60,720,169,13,9,17,16,13,11,43,989,8,38,14,15,16,15,13,1720,35,25,62,60,42,46,182,4336,20,130,42,47,64,60,30
180,1,53760,53760,308,294,94.8220064724919,97.73462783171522,0,0,88.1623173181632,60,720,48,13,14,21,14,14,14,40,1436,16,46,15,16,12,14,15,1064,28,41,165,67,48,69,161,5508,71,171,41,50,51,50,46
180,1,45484,45484,373,361,96.2566844919786,98.1283422459893,0,0,65.01502639348914,60,720,94,16,19,16,12,20,9,45,949,21,33,9,17,11,11,11,1619,42,67,59,53,88,29,201,4349,54,117,35,65,36,41,32
180,1,53803,53803,307,292,92.85714285714286,97.72727272727273,0,0,104.88174625549699,60,720,55,16,11,19,16,15,15,51,1434,20,36,10,16,11,13,11,1466,48,36,87,55,46,55,156,5362,85,148,37,58,67,35,31
180,1,50999,50999,313,297,93.31210191082803,97.77070063694268,0,0,92.90929182140107,60,720,97,18,16,26,16,14,13,49,1362,20,38,13,15,14,14,11,936,60,137,217,53,51,50,182,5119,54,129,52,59,49,48,28
180,1,51687,47020,241,268,93.00699300699301,82.16783216783216,0,0,74.17777537647436,60,720,67,21,20,19,15,24,12,39,1450,22,46,16,17,14,6,8,970,77,59,82,52,62,38,180,5128,93,182,51,69,56,20,43
180,1,41839,40397,328,349,94.76584022038568,88.70523415977961,0,0,51.192619995779175,60,720,99,17,10,15,12,17,10,40,964,13,35,13,14,13,12,12,1028,39,29,67,37,53,46,152,3649,29,114,42,42,54,43,48
180,1,47522,47522,366,350,94.82288828337875,98.09264305177112,0,0,78.53466517388404,60,720,310,14,12,18,18,18,12,46,773,14,31,12,14,10,9,12,1537,42,42,69,52,60,46,137,4536,38,109,39,42,42,23,42
180,1,54263,54263,308,296,94.49838187702265,97.73462783171522,0,0,105.51844089396637,60,720,52,18,18,17,15,20,14,44,1421,17,45,11,14,14,16,11,1706,43,63,69,49,86,47,136,5230,64,289,32,46,55,49,53
180,1,43610,43610,381,368,96.3254593175853,98.16272965879264,0,0,76.89005955473498,60,720,72,14,18,16,11,25,10,45,943,10,35,12,15,13,13,15,1292,38,44,49,38,98,40,174,3489,29,118,35,53,42,39,43
180,1,54291,54291,308,296,93.20388349514563,97.73462783171522,0,0,108.90261315068948,60,720,58,17,15,11,17,17,10,41,1431,18,50,11,17,10,11,16,1066,47,57,59,50,67,31,113,5266,57,148,29,45,64,30,48
180,1,46288,40377,202,235,93.95161290322581,79.43548387096774,0,0,81.44600904670561,60,720,60,21,11,21,13,18,10,49,1448,17,45,15,28,16,10,12,1239,52,32,98,47,68,29,126,5357,39,195,38,85,42,23,33
180,1,37252,36525,283,268,94.01408450704226,97.53521126760563,0,0,57.81535873441605,60,720,55,18,14,19,15,21,10,46,1002,30,47,15,15,12,12,9,950,49,31,51,57,79,30,184,4153,30,175,46,39,36,36,26
180,1,46843,46843,373,358,95.18716577540107,98.3957219251337,0,0,84.57909671624483,60,720,67,18,17,15,12,20,13,44,983,16,36,9,14,14,10,11,873,52,57,55,35,64,57,127,4466,34,124,32,46,39,61,46
180,1,53733,53733,310,295,92.92604501607717,97.7491961414791,0,0,91.7939020511221,60,720,57,15,14,23,16,15,13,39,1382,18,38,10,15,22,11,15,970,45,60,175,60,40,60,116,5271,63,128,30,49,137,29,73
180,1,32783,30402,204,218,91.48936170212765,84.25531914893617,0,0,60.99511157999517,60,720,327,15,20,18,15,17,18,41,815,22,38,8,21,13,10,16,1749,52,61,61,39,61,50,169,4331,44,122,34,66,69,29,40
180,1,46194,46194,377,361,94.42970822281167,98.14323607427056,0,0,88.73651127290422,60,720,61,22,18,17,13,20,11,42,974,13,33,13,15,10,12,12,922,55,62,63,39,54,28,123,4140,34,147,38,56,32,47,39
180,1,51640,51640,344,329,93.6231884057971,97.97101449275362,0,0,77.770821374874,60,720,54,13,17,21,13,16,13,49,1152,18,41,11,18,15,14,15,1044,58,61,82,55,45,59,185,5406,64,155,36,56,65,38,36
180,1,53775,53775,309,292,92.25806451612904,97.74193548387096,0,0,82.48332851761207,60,720,60,22,19,21,12,19,17,41,1426,16,45,18,15,13,14,15,1090,57,57,98,59,63,72,119,5188,84,176,44,48,48,38,57
180,1,53796,53796,307,292,94.48051948051948,97.72727272727273,0,0,88.04227859598056,60,720,54,17,12,20,16,18,10,50,1433,20,40,12,16,14,12,10,1001,44,30,149,85,77,35,164,5291,88,141,40,64,40,46,34
180,1,49533,49533,360,346,94.18282548476455,98.06094182825484,0,0,64.8061942550403,60,720,61,22,18,17,15,16,12,43,1052,30,27,13,15,12,15,12,670,48,52,65,51,89,49,108,5129,68,109,36,62,57,61,36
180,1,43662,43662,381,366,94.76439790575915,98.1675392670157,0,0,51.05058568295472,60,720,58,17,13,14,13,13,15,44,957,11,29,11,18,11,12,11,690,71,42,69,49,45,42,156,3578,22,121,64,69,35,42,39
180,1,53909,53909,308,296,95.14563106796116,97.73462783171522,0,0,100.75242876783555,60,720,49,19,15,17,14,14,14,44,1425,24,50,12,10,9,14,10,792,52,60,66,96,35,43,155,5361,100,177,46,31,27,33,26
180,1,43612,43612,362,348,93.38842975206612,98.07162534435263,0,0,62.32248375393152,60,720,272,20,13,15,16,15,12,37,811,7,40,12,14,13,13,14,2275,72,42,72,59,49,35,146,3627,21,127,34,40,44,58,37
180,1,53355,53355,306,294,94.78827361563518,97.71986970684038,0,0,88.27519481085434,60,720,52,11,17,17,20,21,8,54,1439,18,45,14,12,14,15,8,692,54,52,53,111,70,32,159,5301,66,160,56,40,47,57,27
180,1,46687,46687,372,356,94.36997319034852,98.12332439678283,0,0,61.584272511487,60,720,198,18,13,16,16,10,11,45,847,18,37,11,14,11,11,10,1219,63,52,59,50,30,50,147,4271,75,167,46,38,43,35,50
180,1,48836,48836,356,340,94.39775910364145,98.0392156862745,0,0,68.31283634508345,60,720,273,12,19,18,12,16,17,53,868,9,34,12,13,14,16,10,1401,42,47,83,50,69,66,204,5296,25,185,57,64,54,63,30
180,1,53594,53594,307,291,93.85113268608414,97.73462783171522,0,0,90.21865742042668,60,720,57,17,17,15,14,14,12,49,1426,20,40,12,16,8,11,11,1239,58,65,84,52,50,58,265,5296,57,138,41,50,37,29,29
180,1,44349,41065,298,327,94.16909620991254,85.13119533527697,0,0,55.32661916599097,60,720,102,17,15,18,12,21,8,42,959,14,33,13,12,10,10,11,873,61,51,58,46,70,32,148,4025,62,109,49,52,34,28,27
180,1,48107,48107,368,352,94.3089430894309,98.1029810298103,0,0,63.4068433574854,60,720,160,23,18,16,20,13,11,38,909,14,41,9,19,12,13,11,998,86,63,123,104,46,48,124,4901,39,131,29,65,48,51,37
180,1,46161,46161,349,334,94.0,98.0,0,0,78.75561952564351,60,720,444,17,16,22,12,19,12,48,721,18,39,11,17,15,9,13,3259,51,60,68,47,66,59,176,3927,56,155,35,62,52,30,43
180,1,31259,27955,187,219,93.10344827586206,78.01724137931035,0,0,65.1618729959715,60,720,243,18,17,20,12,17,13,49,959,12,32,11,19,11,14,12,1831,72,75,79,49,57,62,136,4088,27,109,51,49,37,53,26
180,1,34766,30764,145,172,90.0,73.15789473684211,0,0,82.29032656800405,60,720,75,14,12,17,17,14,9,55,1443,31,44,15,19,16,16,9,1253,37,31,81,68,51,24,166,5236,76,145,62,69,40,48,26
180,1,30970,30970,219,205,92.27272727272727,96.81818181818181,0,0,64.63846353336197,60,720,223,14,19,18,11,19,9,51,897,12,35,11,14,10,11,9,1396,35,65,71,36,73,35,142,4275,31,96,38,49,30,27,31
180,1,45094,40882,293,323,94.0828402366864,84.91124260355029,0,0,61.356969619897065,60,720,74,20,24,13,15,14,11,46,1000,32,39,12,12,11,10,10,826,69,75,57,45,55,32,190,4269,80,122,52,62,33,42,44
180,1,53477,53477,306,290,93.15960912052117,97.71986970684038,0,0,82.63184904863994,60,720,53,15,16,22,13,20,9,45,1446,21,42,14,13,13,12,9,1017,52,42,64,62,69,32,212,5473,79,152,30,43,46,59,41
180,1,51224,51224,341,326,93.27485380116958,97.953216374269,0,0,95.60848059824548,60,720,96,17,12,17,19,21,13,45,1139,17,36,9,12,15,12,13,905,96,35,51,76,71,47,159,5246,42,138,40,41,47,32,38
180,1,53663,53663,307,292,92.20779220779221,98.05194805194806,0,0,94.58393318357079,60,720,51,18,13,16,13,18,11,41,1437,23,45,10,15,14,15,14,690,51,42,72,31,50,52,152,5437,100,173,33,82,64,50,44
180,1,52945,52945,307,294,92.53246753246754,97.72727272727273,0,0,80.34065652781399,60,720,47,18,15,16,9,18,10,42,1435,19,45,15,14,13,11,10,810,95,49,66,27,51,50,137,5293,70,144,64,65,67,43,36
180,1,53188,53188,307,293,93.83116883116884,97.72727272727273,0,0,85.6744879759672,60,720,50,17,16,22,13,16,14,52,1443,20,38,12,16,14,11,12,850,48,53,69,55,47,43,155,5472,71,150,40,75,41,67,37
180,1,46518,46518,369,355,95.67567567567568,98.1081081081081,0,0,78.1065486854859,60,720,254,19,17,13,9,16,14,39,810,12,35,12,16,14,18,12,1310,52,55,66,34,44,34,141,4025,34,142,38,45,67,48,53
180,1,45324,45324,359,345,95.0,98.05555555555556,0,0,55.29955344042132,60,720,176,14,14,13,16,12,13,51,888,13,36,14,14,14,9,15,1072,44,49,36,58,36,59,214,4247,60,117,47,50,55,37,64
180,1,46011,46011,376,361,94.14893617021278,98.13829787234043,0,0,73.38422911070225,60,720,169,19,13,17,11,18,13,50,869,8,33,12,17,12,14,12,1100,62,43,72,32,55,59,155,4078,27,139,41,55,61,41,92
180,1,53302,53302,305,288,92.81045751633987,97.7124183006536,0,0,86.8771543770435,60,720,46,18,10,17,14,21,10,55,1453,21,39,12,17,16,11,10,692,62,31,71,49,87,32,191,5497,57,120,58,65,48,37,24
180,1,39511,34955,167,195,89.15094339622641,75.94339622641509,0,0,71.6784639184668,60,720,64,16,16,20,14,21,13,51,1479,18,40,14,21,14,16,8,636,44,66,57,39,76,38,146,5842,67,122,38,53,36,47,32
180,1,45566,45034,326,332,94.54022988505747,91.95402298850574,0,0,61.04991848016197,60,720,477,20,11,20,11,18,13,40,662,19,35,15,16,14,9,12,2342,85,47,91,49,58,49,121,4415,37,109,41,46,50,30,29
180,1,49494,48109,300,330,95.33527696793003,85.71428571428571,0,0,54.219805935253625,60,720,83,23,12,17,20,20,8,49,1125,20,36,11,16,17,12,8,993,56,32,66,58,59,30,149,5390,65,159,29,73,71,37,26
180,1,53706,53706,306,291,92.83387622149837,97.71986970684038,0,0,85.61117900431063,60,720,51,16,13,16,16,18,14,52,1434,21,45,13,12,13,10,10,841,47,39,66,58,43,66,136,5529,59,158,45,36,43,21,27
180,1,46061,45084,334,355,95.64032697547684,89.3732970027248,0,0,59.08360022629826,60,720,60,16,12,14,19,17,10,42,997,17,35,13,14,13,14,13,1403,52,53,54,60,72,38,127,4051,48,137,51,61,100,37,36
180,1,37174,32918,234,264,93.1899641577061,81.72043010752688,0,0,58.954378198503264,60,720,61,27,12,12,12,15,9,58,1033,18,34,18,19,15,12,13,1418,64,41,51,64,58,31,176,4331,64,111,43,57,44,49,47
180,1,45949,45949,376,361,94.6949602122016,98.14323607427056,0,0,88.23819319964494,60,720,55,17,14,21,15,18,10,48,984,19,33,15,12,12,12,11,932,49,52,139,56,57,37,169,4152,64,127,47,39,48,45,39
180,1,47986,47417,324,334,95.67723342939482,91.64265129682997,0,0,66.57677783617673,60,720,140,21,13,20,15,17,10,42,1030,17,40,12,16,12,11,14,999,63,51,67,51,47,40,176,5135,39,130,38,48,35,33,58
180,1,47206,47206,374,359,94.39999999999999,98.13333333333333,0,0,64.35541576144784,60,720,83,15,10,25,18,17,7,47,957,22,37,16,13,10,9,14,850,49,24,126,45,53,22,186,4142,53,132,45,40,45,25,43
180,1,54026,54026,308,295,92.88025889967638,97.73462783171522,0,0,94.74826691575724,60,720,47,19,14,19,16,18,11,51,1431,20,47,12,15,13,11,15,925,55,43,64,69,59,30,175,5346,63,171,35,61,47,46,44
180,1,46017,46017,375,363,96.01063829787235,98.13829787234043,0,0,71.36371049663103,60,720,77,18,15,27,13,14,11,44,959,31,44,13,14,11,12,11,1064,46,50,106,66,74,53,170,4170,94,162,52,50,66,74,42
180,1,35399,31277,228,257,92.3076923076923,81.68498168498168,0,0,56.30764970269718,60,720,203,22,14,21,12,17,13,53,908,12,32,8,13,15,9,11,1226,60,54,108,37,61,56,142,4005,37,96,21,29,45,25,29
180,1,52712,50370,257,287,95.01661129568106,83.38870431893687,0,0,76.90188015548186,60,720,56,17,13,22,14,13,16,44,1450,22,40,16,17,13,13,15,1108,50,41,146,39,61,52,149,5196,69,188,65,57,86,61,56
180,1,50821,50821,309,297,94.83870967741936,97.74193548387096,0,0,84.9984571348035,60,720,54,21,14,20,15,16,10,51,1422,17,40,15,15,11,9,10,871,79,41,75,72,85,28,184,5393,51,133,43,49,48,38,32
180,1,53841,53841,308,293,92.23300970873787,97.73462783171522,0,0,78.531938027851,60,720,61,19,18,25,13,20,16,44,1419,15,53,13,14,12,11,10,1036,62,43,78,40,52,62,157,5203,73,196,59,59,27,39,37
180,1,45371,45371,373,358,94.11764705882352,98.1283422459893,0,0,62.27896396210778,60,720,136,20,16,15,11,13,11,42,903,19,30,15,18,10,16,13,850,75,36,52,61,48,43,144,4106,48,115,38,104,42,33,40
180,1,52985,52985,307,299,96.1038961038961,97.72727272727273,0,0,89.45863853207342,60,720,65,16,19,19,15,15,14,40,1422,18,47,13,15,11,17,14,1847,51,102,90,48,62,91,115,5456,58,216,50,63,30,47,32
180,1,51489,51489,317,301,93.08176100628931,97.79874213836479,0,0,82.59466551042667,60,720,58,16,15,22,14,21,11,52,1326,19,42,14,17,12,16,12,630,46,41,84,44,59,33,241,5028,63,121,45,66,36,66,33
180,1,44642,44642,358,345,93.87186629526462,98.05013927576601,0,0,89.90192890315089,60,720,358,14,15,21,13,18,14,43,776,13,34,11,14,13,12,13,2156,82,43,96,49,44,42,195,4589,25,133,34,42,47,28,34
180,1,41324,37010,206,234,92.43027888446214,79.6812749003984,0,0,69.47030868715683,60,720,62,14,12,22,11,21,11,44,1274,19,38,11,17,9,10,8,630,48,36,76,32,89,36,120,5352,43,130,62,79,23,38,22
180,1,31538,28579,162,192,89.3719806763285,75.36231884057972,0,0,68.5905170542495,60,720,84,17,12,20,13,25,7,44,1279,12,34,16,16,10,10,11,570,44,28,51,45,55,35,164,5369,30,96,46,50,26,32,28
180,1,53710,53710,307,292,93.18181818181817,97.72727272727273,0,0,92.94150590576092,60,720,50,14,12,21,14,15,11,50,1442,22,48,12,16,10,11,10,630,51,64,81,58,45,48,134,5237,74,173,58,62,33,33,39
180,1,45083,45083,360,346,93.90581717451524,98.06094182825484,0,0,87.572233818847,60,720,398,18,13,21,14,15,11,39,713,10,41,11,12,9,12,12,2205,56,61,111,65,68,44,140,4011,27,189,27,39,30,54,44
180,1,44072,44072,374,358,93.86666666666666,98.13333333333333,0,0,53.89673984481553,60,720,63,16,11,14,8,24,10,39,972,30,40,15,15,12,13,12,730,57,33,44,62,98,41,168,3961,70,137,58,37,57,63,45
180,1,53278,53278,312,299,93.61022364217251,97.76357827476039,0,0,88.49088577923663,60,720,48,23,15,15,17,18,14,45,1389,18,45,15,16,12,14,11,631,71,54,80,49,73,52,112,5477,55,130,56,53,85,52,40
180,1,50335,50335,352,338,94.3342776203966,98.01699716713881,0,0,92.17120795537409,60,720,63,14,9,14,11,17,11,42,1101,23,29,17,18,11,12,13,1120,48,38,63,47,63,47,190,5345,47,134,94,66,46,52,36
180,1,53585,53585,306,291,92.83387622149837,97.71986970684038,0,0,77.44240272980721,60,720,48,10,15,27,13,18,14,49,1448,21,44,13,14,9,9,9,750,36,45,93,77,60,62,138,5163,111,131,63,37,29,31,39
180,1,53365,53365,324,309,94.76923076923077,97.84615384615385,0,0,85.88504876743643,60,720,74,13,14,25,20,22,13,42,1266,14,44,15,16,12,13,10,1094,64,42,246,88,89,44,172,5322,49,185,51,54,34,35,45
180,1,47836,47836,357,342,93.57541899441341,98.04469273743017,0,0,101.49203810981533,60,720,372,16,17,16,15,19,11,44,752,19,36,12,18,11,10,13,2300,60,75,63,62,61,39,153,4251,48,136,33,86,34,35,34
180,1,53399,53399,306,291,94.46254071661238,97.71986970684038,0,0,87.42321648268484,60,720,51,15,17,22,12,14,11,42,1457,17,43,16,14,15,9,8,642,55,67,71,40,42,40,140,5592,62,181,57,52,66,40,43
180,1,43185,41637,327,357,96.18528610354224,87.73841961852861,0,0,57.80093439922455,60,720,92,15,10,16,18,16,12,47,954,9,37,12,14,13,9,12,996,47,30,78,57,73,41,180,3759,28,167,44,47,35,56,30
180,1,43324,43324,380,364,94.22572178477691,98.16272965879264,0,0,57.28925493541559,60,720,76,18,12,16,17,18,10,42,932,15,34,16,14,14,13,9,870,84,50,54,63,83,29,145,3397,35,145,81,55,60,44,30
180,1,43418,43418,361,345,95.30386740331491,98.06629834254143,0,0,66.87435138345806,60,720,347,16,14,18,12,16,11,55,753,25,32,11,12,12,12,11,2505,51,62,64,39,53,35,159,3666,66,108,37,43,54,47,32
180,1,51417,46454,237,269,91.51943462897526,81.97879858657244,0,0,79.37885388203857,60,720,55,17,17,21,13,17,12,49,1443,27,41,13,14,9,13,7,790,62,53,66,66,71,47,214,5108,82,170,56,79,36,34,16
180,1,41467,36579,264,291,94.1747572815534,83.49514563106796,0,0,58.323787967790565,60,720,110,19,15,14,17,19,16,43,989,15,32,11,12,13,12,9,791,54,63,63,67,55,50,175,4354,36,80,34,39,36,33,20
180,1,53019,53019,305,289,92.81045751633987,97.7124183006536,0,0,80.89032423800461,60,720,58,20,12,27,15,16,11,48,1438,15,46,15,17,9,12,8,1330,87,51,116,74,67,38,156,5729,108,190,40,43,38,36,19
180,1,52860,52860,318,303,94.35736677115987,97.80564263322884,0,0,83.98863845913789,60,720,55,13,12,20,12,16,9,45,1338,22,40,11,13,18,9,14,840,56,63,76,59,58,27,203,5230,87,236,32,40,83,56,65
180,1,43723,43723,377,362,94.44444444444444,98.14814814814815,0,0,59.16859500231163,60,720,89,11,19,19,15,13,13,40,938,17,34,11,19,10,11,11,910,34,59,55,61,40,54,149,3867,31,129,53,92,46,49,44
180,1,53745,53745,307,290,93.5064935064935,97.72727272727273,0,0,85.96190678016788,60,720,56,18,16,16,17,13,19,42,1436,18,40,12,13,12,13,11,730,49,62,113,64,52,54,185,5517,58,134,38,51,50,57,67
180,1,53867,53867,308,291,92.88025889967638,97.73462783171522,0,0,91.72245618335825,60,720,56,16,13,16,15,17,13,44,1421,16,50,11,16,9,11,13,757,54,81,70,71,40,52,154,5246,52,143,44,49,32,26,65
180,1,48833,48833,353,340,93.78531073446328,98.30508474576271,0,0,73.9087907615043,60,720,73,15,11,18,16,20,12,40,1088,15,33,11,20,11,14,11,978,35,42,103,68,53,41,154,5352,62,123,41,103,47,44,33
180,1,45885,45885,373,358,94.66666666666667,98.13333333333333,0,0,60.28314569255256,60,720,120,14,19,16,11,14,10,39,923,18,34,11,19,17,13,8,897,38,61,83,39,57,31,171,4060,26,126,34,70,61,48,34
180,1,45033,45033,375,360,94.68085106382979,98.13829787234043,0,0,93.48096234223446,60,720,57,17,8,19,15,13,12,43,978,21,30,15,10,14,11,9,730,51,26,53,82,45,30,139,4198,41,138,71,53,65,30,27
180,1,46428,46428,376,364,95.75596816976127,98.14323607427056,0,0,64.32439488691413,60,720,96,14,20,19,12,14,13,43,934,16,36,13,14,12,10,11,815,42,67,102,39,34,63,136,4215,34,135,89,48,37,43,36